chat_ng_word_id,value
1,【gm】
2,【gｍ】
3,【ｇm】
4,【ｇｍ】
5,18kin
6,１８ｋｉｎｇａｍｅ
7,18kingame
8,18kinge-mu
9,１８きん
10,１８キン
11,18きん
12,18キン
13,１８きんげーむ
14,１８キンゲーム
15,18きんげーむ
16,18キンゲーム
17,18禁
18,１８禁
19,18禁ゲーム
20,１８禁ゲーム
21,7thheaven
22,７ｔｈｈｅａｖｅｎ
23,acme
24,ａｃｍｅ
25,adolfhitler
26,ａｄｏｌｆｈｉｔｌｅｒ
27,adorufuhitora-
28,ａｄｏｒｕｆｕｈｕｔｏｒａ−
29,adult
30,ａｄｕｌｔ
31,aegi
32,ａｅｇｉ
33,aegigoe
34,ａｅｇｉｇｏｅ
35,ahen
36,ａｈｅｎ
37,aibu
38,ａｉｂｕ
39,aieki
40,ａｉｅｋｉ
41,ainoko
42,ａｉｎｏｋｏ
43,ainukei
44,ａｉｎｕｋｅｉ
45,akahada
46,ａｋａｈａｄａ
47,akimekura
48,ａｋｉｍｅｋｕｒａ
49,akufu
50,ａｋｕｆｕ
51,akujo
52,ａｋｕｊｏ
53,akume
54,ａｋｕｍｅ
55,allnude
56,ａｌｌｎｕｄｅ
57,alqaedq
58,ａｌｑａｅｄｑ
59,amekou
60,ａｍｅｋｏｕ
61,anal
62,ａｎａｌ
63,anaru
64,ａｎａｒｕ
65,anus
66,ａｎｕｓ
67,anusu
68,ａｎｕｓｕ
69,aokan
70,ａｏｋａｎ
71,aruchuu
72,ａｒｕｃｈｕｕ
73,arukaida
74,ａｒｕｋａｉｄａ
75,asadashi
76,ａｓａｄａｓｈｉ
77,asaharashoukou
78,ａｓａｈａｒａｓｈｏｕｋｏｕ
79,ashinae
80,ａｓｈｉｎａｅ
81,atooijisatsu
82,ａｔｏｏｉｊｉｓａｔｓｕ
83,avdanyuu
84,ａｖｄａｎｙｕｕ
85,avgal
86,ａｖｇａｌ
87,avjoyuu
88,ａｖｊｏｙｕｕ
89,avkantoku
90,ａｖｋａｎｔｏｋｕ
91,avshutsuen
92,ａｖｓｈｕｔｓｕｅｎ
93,ａｖかんとく
94,ａｖカントク
95,avかんとく
96,avカントク
97,avギャル
98,ａｖしゅつえん
99,ａｖシュツエン
100,avしゅつえん
101,avシュツエン
102,avじょゆう
103,avジョユウ
104,ａｖじょゆう
105,ａｖだんゆう
106,ａｖダンユウ
107,avだんゆう
108,avダンユウ
109,AV監督
110,ＡＶ監督
111,av出演
112,ＡＶ出演
113,AV女優
114,ＡＶ女優
115,AV男優
116,ＡＶ男優
117,baiagura
118,ｂａｉａｇｕｒａ
119,baishun
120,ｂａｉｓｈｕｎ
121,baka
122,ｂａｋａ
123,bakachon
124,ｂａｋａｃｈｏｎ
125,ｂａｋａｃｈｏｎｋａｍｅｒａ
126,bakademochondemo
127,ｂａｋａｄｅｍｏｃｈｏｎｄｅｍｏ
128,bakunyuu
129,ｂａｋｕｎｙｕｕ
130,bakuro
131,ｂａｋｕｒｏ
132,bataya
133,ｂａｔａｙａ
134,binyuu
135,ｂｉｎｙｕｕ
136,bitch
137,ｂｉｔｃｈ
138,biyaku
139,ｂｉｙａｋｕ
140,boin
141,ｂｏｉｎ
142,boke
143,BOKE
144,ｂｏｋｅ
145,bokki
146,ｂｏｋｋｉ
147,boutiquehotel
148,ｂｏｕｔｉｑｕｅｈｏｔｅｌ
149,buraku
150,ｂｕｒａｋｕ
151,ｂｕｓｔｕ
152,busu
153,ｂｕｓｕ
154,butabako
155,ｂｕｔａｂａｋｏ
156,buthikkuhoteru
157,ｂｕｔｈｉｋｋｕｈｏｔｅｒｕ
158,butsu
159,callgirl
160,ｃａｌｌｇｉｒｌ
161,cannibalism
162,ｃａｎｎｉｂａｌｉｓｍ
163,chankoro
164,ｃｈａｎｋｏｒｏ
165,cheat
166,ｃｈｅａｔ
167,chibi
168,ｃｈｉｂｉ
169,chieokure
170,ｃｈｉｅｏｋｕｒｅ
171,chikame
172,ｃｈｉｋａｍｅ
173,chikan
174,ｃｈｉｋａｎ
175,chikatetsusarin
176,ｃｈｉｋａｔｅｔｓｕｓａｒｉｎ
177,chikubi
178,ｃｈｉｋｕｂｉ
179,chinchin
180,ｃｈｉｎｃｈｉｎ
181,chinko
182,ｃｈｉｎｋｏ
183,chinpo
184,ｃｈｉｎｐｏ
185,chirou
186,ｃｈｉｒｏｕ
187,chitsu
188,ｃｈｉｔｓｕ
189,chloroform
190,ｃｈｌｏｒｏｆｏｒｍ
191,chon
192,ｃｈｏｎ
193,chousendouran
194,ｃｈｏｕｓｅｎｄｏｕｒａｎ
195,chousenjihen
196,ｃｈｏｕｓｅｎｊｉｈｅｎ
197,chousenseibatsu
198,ｃｈｏｕｓｅｎｓｅｉｂａｔｓｕ
199,chuunichisensou
200,ｃｈｕｕｎｉｃｈｉｓｅｎｓｏｕ
201,clitoris
202,ｃｌｉｔｏｒｉｓ
203,cocain
204,ｃｏｃａｉｎ
205,condom
206,ｃｏｎｄｏｍ
207,CRASHME
208,ＣＲＡＳＨＭＥ
209,dacchiman
210,ｄａｃｃｈｉｍａｎ
211,dacchiwaifu
212,ｄａｃｃｈｉｗａｉｆｕ
213,daiben
214,ｄａｉｂｅｎ
215,daiinshin
216,ｄａｉｉｎｓｈｉｎ
217,ｄａｉｋｏｎａｓｈｉ
218,daikonashi
219,daisangoku
220,ｄａｉｓａｎｇｏｋｕ
221,daitouasensou
222,ｄａｉｔｏｕａｓｅｎｓｏｕ
223,dankon
224,ｄａｎｋｏｎ
225,dankonki
226,ｄａｎｋｏｎｋｉ
227,dankonsenbou
228,ｄａｎｋｏｎｓｅｎｂｏｕ
229,dankonsuuhai
230,ｄａｎｋｏｎｓｕｕｈａｉ
231,danseiki
232,ｄａｎｓｅｉｋｉ
233,danshoku
234,ｄａｎｓｈｏｋｕ
235,decchi
236,ｄｅｃｃｈｉ
237,dendoukokeshi
238,ｄｅｎｄｏｕｋｏｋｅｓｈｉ
239,di-pusuro-to
240,ｄｉ−ｐｕｓｕｒｏ−ｔｏ
241,dojin
242,ｄｏｊｉｎ
243,dokata
244,ｄｏｋａｔａ
245,dokenya
246,ｄｏｋｅｎｙａ
247,dokou
248,ｄｏｋｏｕ
249,domori
250,ｄｏｍｏｒｉ
251,donbyakushou
252,ｄｏｎｂｙａｋｕｓｈｏｕ
253,ｄｏｒｅｉ
254,dorei
255,dosamawari
256,ｄｏｓａｍａｗａｒｉ
257,doutei
258,ｄｏｕｔｅｉ
259,doyagai
260,ｄｏｙａｇａｉ
261,dozaemon
262,ｄｏｚａｅｍｏｎ
263,dutchman
264,ｄｕｔｃｈｍａｎ
265,dutchwife
266,ｄｕｔｃｈｗｉｆｅ
267,ebizeme
268,ｅｂｉｚｅｍｅ
269,e-buigyaru
270,ｅ−ｂｕｉｇｙａｒｕ
271,ecchi
272,ｅｃｃｈｉ
273,ecchige-mu
274,ｅｃｃｈｉｇｅ−ｍｕ
275,echigonokometsuki
276,ｅｃｈｉｇｏｎｏｋｏｍｅｔｓｕｋｉ
277,ecstacy
278,ｅｃｓｔａｃｙ
279,ecup
280,ｅｃｕｐ
281,e-cup
282,ｅ−ｃｕｐ
283,efedora
284,ｅｆｅｄｏｒａ
285,einbu
286,ｅｉｎｂｕ
287,einsekkai
288,ｅｉｎｓｅｋｋａｉ
289,e-kappu
290,ｅ−ｋａｐｐｕ
291,ekusutashi-
292,ｅｋｕｓｕｔａｓｈｉ−
293,enbon
294,ｅｎｂｏｎ
295,enbun
296,ｅｎｂｕｎ
297,engen
298,ｅｎｇｅｎ
299,enjo
300,ｅｎｊｏ
301,enjokousai
302,ｅｎｊｏｋｏｕｓａｉ
303,enkou
304,ｅｎｋｏｕ
305,enpu
306,ｅｎｐｕ
307,enpukuka
308,ｅｎｐｕｋｕｋａ
309,ephedra
310,ｅｐｈｅｄｒａ
311,erect
312,ｅｒｅｃｔ
313,erection
314,ｅｒｅｃｔｉｏｎ
315,erekuchion
316,ｅｒｅｋｕｃｈｉｏｎ
317,erekuto
318,ｅｒｅｋｕｔｏ
319,ero
320,ｅｒｏ
321,erochika
322,ｅｒｏｃｈｉｋａ
323,erochikku
324,erochisizumu
325,ｅｒｏｃｈｉｓｉｚｕｍｕ
326,erochizumu
327,ｅｒｏｃｈｉｚｕｍｕ
328,erodakushonｅｒｏｄａｋｕｓｈｏｎ
329,erogame
330,ｅｒｏｇａｍｅ
331,eroge-
332,ｅｒｏｇｅ−
333,eroge-mu
334,ｅｒｏｇｅ−ｍｕ
335,eroguro
336,ｅｒｏｇｕｒｏ
337,eromanga
338,ｅｒｏｍａｎｇａ
339,eros
340,ｅｒｏｓ
341,erosu
342,ｅｒｏｓｕ
343,ｅｒｏｔｉｃ
344,eroticism
345,ｅｒｏｔｉｃｉｓｍ
346,erotika
347,ｅｒｏｔｉｋａ
348,erotism
349,ｅｒｏｔｉｓｍ
350,erozasshi
351,ｅｒｏｚａｓｓｈｉ
352,eskimo
353,ｅｓｋｉｍｏ
354,estrogen
355,ｅｓｔｒｏｇｅｎ
356,esuemu
357,ｅｓｕｅｍｕ
358,esukimo-
359,ｅｓｕｋｉｍｏ−
360,esutorogen
361,ｅｓｕｔｏｒｏｇｅｎ
362,eカップ
363,fakku
364,ｆａｋｋｕ
365,fcup
366,ｆｃｕｐ
367,f-cup
368,ｆ−ｃｕｐ
369,fechi
370,ｆｅｃｈｉ
371,fellatio
372,ｆｅｌｌａｔｉｏ
373,fera
374,ｆｅｒａ
375,ferachio
376,ｆｅｒａｃｈｉｏ
377,fetishism
378,ｆｅｔｉｓｈｉｓｍ
379,f-kappu
380,ｆ−ｋａｐｐｕ
381,fuck
382,ｆｕｃｋ
383,fumikiriban
384,ｆｕｍｉｋｉｒｉｂａｎ
385,furin
386,ｆｕｒｉｎ
387,furouji
388,ｆｕｒｏｕｊｉ
389,furousha
390,ｆｕｒｏｕｓｈａ
391,fuuzoku
392,ｆｕｕｚｏｋｕ
393,fカップ
394,gachame
395,ｇａｃｈａｍｅ
396,gaijin
397,ｇａｉｊｉｎ
398,gaiseiki
399,ｇａｉｓｅｉｋｉ
400,gaishou
401,ｇａｉｓｈｏｕ
402,gamanjiru
403,ｇａｍａｎｊｉｒｕ
404,gamemaster
405,ｇａｍｅｍａｓｔｅｒ
406,ganja
407,ｇａｎｊａ
408,ganmenkijou
409,ｇａｎｍｅｎｋｉｊｏｕ
410,gannsha
411,ｇａｎｎｓｈａ
412,gashi
413,ｇａｓｈｉ
414,gaybar
415,ｇａｙｂａｒ
416,gayboy
417,ｇａｙｂｏｙ
418,geba
419,ｇｅｂａ
420,gebabou
421,ｇｅｂａｂｏｕ
422,gebaruto
423,ｇｅｂａｒｕｔｏ
424,geiba-
425,ｇｅｉｂａ−
426,geibo-i
427,ｇｅｉｂｏ−ｉ
428,geizasshi
429,ｇｅｉｚａｓｓｈｉ
430,gejo
431,ｇｅｊｏ
432,gekkei
433,ｇｅｋｋｅｉ
434,ge-mumasuta-
435,ｇｅ−ｍｕｍａｓｕｔａ−
436,genan
437,ｇｅｎａｎ
438,genchizuma
439,ｇｅｎｃｈｉｚｕｍａ
440,genkijiru
441,ｇｅｎｋｉｊｉｒｕ
442,gennama
443,ｇｅｎｎａｍａ
444,gewalt
445,ｇｅｗａｌｔ
446,gijihoukei
447,ｇｉｊｉｈｏｕｋｅｉ
448,gm：
449,gobanzeme
450,ｇｏｂａｎｚｅｍｅ
451,gomiya
452,ｇｏｍｉｙａ
453,goubyou
454,ｇｏｕｂｙｏｕ
455,gouhoudoraggu
456,ｇｏｕｈｏｕｄｏｒａｇｇｕ
457,goukan
458,ｇｏｕｋａｎ
459,goukon
460,ｇｏｕｋｏｎ
461,gspot
462,ｇｓｐｏｔ
463,gspotto
464,ｇｓｕｐｏｔｔｏ
465,gudon
466,ｇｕｄｏｎ
467,guhanshounen
468,ｇｕｈａｎｓｈｏｕｎｅｎ
469,gyoshoku
470,ｇｙｏｓｈｏｋｕ
471,gyoshokuka
472,ｇｙｏｓｈｏｋｕｋａ
473,Gすぽっと
474,Gスポット
475,Gｽﾎﾟｯﾄ
476,Ｇスポット
477,ｇすぽっと
478,ha-fu
479,ｈａ−ｆｕ
480,hakkyousuru
481,ｈａｋｋｙｏｕｓｕｒｕ
482,hakuchi
483,ｈａｋｕｃｈｉ
484,hakutaige
485,ｈａｋｕｔａｉｇｅ
486,linegamestaff
487,ｌｉｎｅｇａｍｅｓｔａｆｆ
488,ＬＩＮＥＧＡＭＥＳＴＡＦＦ
489,LINEGAMESTAFF
490,ｌｉｎｅｇａｍｅｓｈａｉｎ
491,LINEGAMESHAIN
492,LINESHAIN
493,hantoujin
494,ｈａｎｔｏｕｊｉｎ
495,happeningbar
496,ｈａｐｐｅｎｉｎｇｂａｒ
497,hapuninguba
498,ｈａｐｕｎｉｎｇｕｂａ
499,hapuninnguba-
500,ｈａｐｕｎｉｎｎｇｕｂａ−
501,hentai
502,ｈｅｎｔａｉ
503,heroin
504,ｈｅｒｏｉｎ
505,hgame
506,ｈｇａｍｅ
507,ｈ−ｇａｍｅ
508,hgoe
509,ｈｇｏｅ
510,hgデザイン
511,himehajime
512,ｈｉｍｅｈａｊｉｍｅ
513,himeosame
514,ｈｉｍｅｏｓａｍｅ
515,hinin
516,ｈｉｎｉｎ
517,hininn
518,ｈｉｎｉｎｎ
519,hinnou
520,ｈｉｎｎｏｕ
521,hinnyuu
522,ｈｉｎｎｙｕｕ
523,hitler
524,ｈｉｔｌｅｒ
525,hitora-
526,ｈｉｔｏｒａ−
527,hitoyozuma
528,ｈｉｔｏｙｏｚｕｍａ
529,hiwai
530,ｈｉｗａｉ
531,hiyameshi
532,ｈｉｙａｍｅｓｈｉ
533,hiyatoi
534,ｈｉｙａｔｏｉ
535,hkei
536,ｈｋｅｉ
537,hosenkoufu
538,ｈｏｓｅｎｋｏｕｆｕ
539,houkei
540,ｈｏｕｋｅｉ
541,hzuki
542,ｈｚｕｋｉ
543,ｈけい
544,ｈケイ
545,hけい
546,hケイ
547,hゲーム
548,ｈごえ
549,ｈゴエ
550,hごえ
551,hゴエ
552,Hさ
553,Hｻ
554,Ｈさ
555,Ｈサ
556,Hし
557,Hｼ
558,Ｈし
559,Ｈシ
560,ｈしゃ
561,ｈシャ
562,hしゃ
563,hシャ
564,ｈすき
565,ｈスキ
566,ｈｽｷ
567,hすき
568,hスキ
569,hｽｷ
570,ｈずき
571,ｈズキ
572,hずき
573,hズキ
574,Hな
575,Hﾅ
576,Ｈな
577,Ｈナ
578,Hに
579,Hﾆ
580,Ｈに
581,Ｈニ
582,Hの
583,Hﾉ
584,Ｈの
585,Ｈノ
586,Hを
587,Hｦ
588,Ｈを
589,Ｈヲ
590,H画
591,Ｈ画
592,H系
593,Ｈ系
594,H好
595,Ｈ好
596,H写
597,Ｈ写
598,H声
599,Ｈ声
600,ianfu
601,ｉａｎｆｕ
602,ianjo
603,ｉａｎｊｏ
604,iboji
605,ｉｂｏｊｉ
606,ichiyazuma
607,ｉｃｈｉｙａｚｕｍａ
608,i-kappu
609,ｉ−ｋａｐｐｕ
610,ikiume
611,ｉｋｉｕｍｅ
612,imageclub
613,ｉｍａｇｅｃｌｕｂ
614,ime-jikurabu
615,ｉｍｅ−ｊｉｋｕｒａｂｕ
616,imekura
617,ｉｍｅｋｕｒａ
618,imin
619,ｉｍｉｎ
620,immoral
621,ｉｍｍｏｒａｌ
622,impotenz
623,ｉｍｐｏｔｅｎｚ
624,inbai
625,ｉｎｂａｉ
626,inbaionna
627,ｉｎｂａｉｏｎｎａ
628,inbi
629,ｉｎｂｉ
630,inbu
631,ｉｎｂｕ
632,indhianusotsukanai
633,ｉｎｄｈｉａｎｕｓｏｔｓｕｋａｎａｉ
634,INFO-CASH
635,ＩＮＦＯ−ＣＡＳＨ
636,ingyaku
637,ｉｎｇｙａｋｕ
638,injuu
639,ｉｎｊｕｕ
640,inkei
641,ｉｎｋｅｉ
642,inkeigan
643,ｉｎｋｅｉｇａｎ
644,inkon
645,ｉｎｋｏｎ
646,inkou
647,ｉｎｋｏｕ
648,inma
649,ｉｎｍａ
650,inmon
651,ｉｎｍｏｎ
652,inmoraru
653,ｉｎｍｏｒａｒｕ
654,inmou
655,ｉｎｍｏｕ
656,innou
657,ｉｎｎｏｕ
658,innougan
659,ｉｎｎｏｕｇａｎ
660,inpo
661,ｉｎｐｏ
662,inpon
663,ｉｎｐｏｎ
664,inpotentsu
665,ｉｎｐｏｔｅｎｔｓｕ
666,inpu
667,ｉｎｐｕ
668,inraku
669,ｉｎｒａｋｕ
670,inran
671,ｉｎｒａｎ
672,inranshou
673,ｉｎｒａｎｓｈｏｕ
674,inshin
675,ｉｎｓｈｉｎ
676,insui
677,ｉｎｓｕｉ
678,intou
679,ｉｎｔｏｕ
680,inugoroshi
681,ｉｎｕｇｏｒｏｓｈｉ
682,inwai
683,ｉｎｗａｉ
684,inyoku
685,ｉｎｙｏｋｕ
686,isatsu
687,ｉｓａｔｓｕ
688,isekojiki
689,ｉｓｅｋｏｊｉｋｉ
690,isuarai
691,ｉｓｕａｒａｉ
692,izari
693,ｉｚａｒｉ
694,jain
695,ｊａｉｎ
696,jappu
697,ｊａｐｐｕ
698,jayoku
699,ｊａｙｏｋｕ
700,jidougyakutai
701,ｊｉｄｏｕｇｙａｋｕｔａｉ
702,jihei
703,ｊｉｈｅｉ
704,jiheishou
705,ｊｉｈｅｉｓｈｏｕ
706,jiheishouji
707,ｊｉｈｅｉｓｈｏｕｊｉ
708,jiikoui
709,ｊｉｉｋｏｕｉ
710,jikohasan
711,ｊｉｋｏｈａｓａｎ
712,jimawari
713,ｊｉｍａｗａｒｉ
714,jinkoujusei
715,ｊｉｎｋｏｕｊｕｓｅｉ
716,jinkoukoumon
717,ｊｉｎｋｏｕｋｏｕｍｏｎ
718,jinkoushikyuu
719,ｊｉｎｋｏｕｓｈｉｋｙｕｕ
720,jinpun
721,ｊｉｎｐｕｎ
722,jintaijikken
723,ｊｉｎｔａｉｊｉｋｋｅｎ
724,jintaikaibou
725,ｊｉｎｔａｉｋａｉｂｏｕ
726,jisatsu
727,ｊｉｓａｔｓｕ
728,jisatsuganbou
729,ｊｉｓａｔｓｕｇａｎｂｏｕ
730,jisatsuhoujo
731,ｊｉｓａｔｓｕｈｏｕｊｏ
732,jisatsujoukou
733,ｊｉｓａｔｓｕｊｏｕｋｏｕ
734,jisatsukougeki
735,ｊｉｓａｔｓｕｋｏｕｇｅｋｉ
736,jisatsumisuiｊｉｓａｔｓｕｍｉｓｕｉ
737,jisatsusha
738,ｊｉｓａｔｓｕｓｈａ
739,jishitsu
740,ｊｉｓｈｉｔｓｕ
741,jochuu
742,ｊｏｃｈｕｕ
743,join
744,ｊｏｉｎ
745,jorou
746,ｊｏｒｏｕ
747,jorouya
748,ｊｏｒｏｕｙａ
749,joseibesshi
750,ｊｏｓｅｉｂｅｓｓｈｉ
751,joseihenreki
752,ｊｏｓｅｉｈｅｎｒｅｋｉ
753,joseijoui
754,ｊｏｓｅｉｊｏｕｉ
755,joseiki
756,ｊｏｓｅｉｋｉ
757,joseireki
758,ｊｏｓｅｉｒｅｋｉ
759,joseiseikiryoujoku
760,ｊｏｓｅｉｓｅｉｋｉｒｙｏｕｊｏｋｕ
761,joshoku
762,ｊｏｓｈｏｋｕ
763,josouheki
764,ｊｏｓｏｕｈｅｋｉ
765,josoumania
766,ｊｏｓｏｕｍａｎｉａ
767,josoushumi
768,ｊｏｓｏｕｓｈｕｍｉ
769,joudama
770,ｊｏｕｄａｍａ
771,joufu
772,ｊｏｕｆｕ
773,jouinn
774,ｊｏｕｉｎｎ
775,jouji
776,ｊｏｕｊｉ
777,joukou
778,ｊｏｕｋｏｕ
779,jouyuufumihiro
780,ｊｏｕｙｕｕｆｕｍｉｈｉｒｏ
781,jungoukan
782,ｊｕｎｇｏｕｋａｎ
783,junyuu
784,ｊｕｎｙｕｕ
785,junyuuki
786,ｊｕｎｙｕｕｋｉ
787,jusei
788,ｊｕｓｅｉ
789,juseiran
790,ｊｕｓｅｉｒａｎ
791,jutai
792,ｊｕｔａｉ
793,jutaiki
794,ｊｕｔａｉｋｉ
795,jutaikokuchi
796,jutairitsu
797,ｊｕｔａｉｒｉｔｓｕ
798,juuhan
799,ｊｕｕｈａｎ
800,juukan
801,ｊｕｕｋａｎ
802,juukou
803,ｊｕｕｋｏｕ
804,juusatsu
805,ｊｕｕｓａｔｓｕ
806,juusatsukei
807,ｊｕｕｓａｔｓｕｋｅｉ
808,juuyoku
809,ｊｕｕｙｏｋｕ
810,kabane
811,ｋａｂａｎｅ
812,kaiben
813,ｋａｉｂｅｎ
814,kaichu
815,ｋａｉｃｈｕ
816,kaichuushou
817,ｋａｉｃｈｕｕｓｈｏｕ
818,kaishitai
819,ｋａｉｓｈｉｔａｉ
820,kakuchoudan
821,ｋａｋｕｃｈｏｕｄａｎ
822,kakuchoudanchou
823,ｋａｋｕｃｈｏｕｄａｎｃｈｏｕ
824,kakuchouin
825,ｋａｋｕｃｈｏｕｉｎ
826,kakuseizai
827,ｋａｋｕｓｅｉｚａｉ
828,kanibarizumu
829,ｋａｎｉｂａｒｉｚｕｍｕ
830,kannou
831,ｋａｎｎｏｕ
832,kannoueiga
833,ｋａｎｎｏｕｅｉｇａ
834,kannougazou
835,ｋａｎｎｏｕｇａｚｏｕ
836,kannoushousetsu
837,ｋａｎｎｏｕｓｈｏｕｓｅｔｓｕ
838,KANRININ
839,kanrinin
840,ｋａｎｒｉｎｉｎ
841,kanrisha
842,ｋａｎｒｉｓｈａ
843,kantsuu
844,ｋａｎｔｓｕｕ
845,kantsuuzai
846,ｋａｎｔｓｕｕｚａｉ
847,kasakkaki
848,ｋａｓａｋｋａｋｉ
849,kataashi
850,ｋａｔａａｓｈｉ
851,katachinba
852,ｋａｔａｃｈｉｎｂａ
853,katahai
854,ｋａｔａｈａｉ
855,katahashi
856,ｋａｔａｈａｓｈｉ
857,katame
858,ｋａｔａｍｅ
859,katateochi
860,katawa
861,ｋａｔａｗａ
862,katawamono
863,ｋａｔａｗａｍｏｎｏ
864,katsugiya
865,ｋａｔｓｕｇｉｙａ
866,kaupa-
867,kawakaburi
868,ｋａｗａｋａｂｕｒｉ
869,keikan
870,ｋｅｉｋａｎ
871,keiketsu
872,ｋｅｉｋｅｔｓｕ
873,ketou
874,ｋｅｔｏｕ
875,kichigai
876,ｋｉｃｈｉｇａｉ
877,kichigainihamono
878,ｋｉｃｈｉｇａｉｎｉｈａｍｏｎｏ
879,kichigaizata
880,ｋｉｃｈｉｇａｉｚａｔａ
881,kietekudai
882,ｋｉｅｔｅｋｕｄａｉ
883,kietekudasai
884,ｋｉｅｔｅｋｕｄａｓａｉ
885,kijirushi
886,ｋｉｊｉｒｕｓｈｉ
887,kikeiji
888,ｋｉｋｅｉｊｉ
889,kikkousibari
890,ｋｉｋｋｏｕｓｉｂａｒｉ
891,kikuza
892,ｋｉｋｕｚａ
893,kinshinkan
894,ｋｉｎｓｈｉｎｋａｎ
895,kinshinsoukan
896,ｋｉｎｓｈｉｎｓｏｕｋａｎ
897,kintama
898,ｋｉｎｔａｍａ
899,kireji
900,ｋｉｒｅｊｉ
901,kishirokain
902,ｋｉｓｈｉｒｏｋａｉｎ
903,ｋｉｔｏｕ
904,kitoubu
905,ｋｉｔｏｕｂｕ
906,kokain
907,ｋｏｋａｉｎ
908,kokujin
909,ｋｏｋｕｊｉｎ
910,konndo-mu
911,ｋｏｎｎｄｏ−ｍｕ
912,korose
913,ｋｏｒｏｓｅ
914,koroshi
915,ｋｏｒｏｓｈｉ
916,koroso
917,ｋｏｒｏｓｏ
918,korosu
919,ｋｏｒｏｓｕ
920,ko-ruga-ru
921,ｋｏ−ｒｕｇａ−ｒｕ
922,koubi
923,ｋｏｕｂｉ
924,koubiki
925,ｋｏｕｂｉｋｉ
926,kougan
927,ｋｏｕｇａｎ
928,kougou
929,ｋｏｕｇｏｕ
930,koukaiterekura
931,ｋｏｕｋａｉｔｅｒｅｋｕｒａ
932,koumon
933,ｋｏｕｍｏｎ
934,koumoujin
935,ｋｏｕｍｏｕｊｉｎ
936,kounaihassha
937,ｋｏｕｎａｉｈａｓｓｈａ
938,kousetsu
939,ｋｏｕｓｅｔｓｕ
940,kousetsuki
941,ｋｏｕｓｅｔｓｕｋｉ
942,koushinkoku
943,ｋｏｕｓｈｉｎｋｏｋｕ
944,koushoku
945,ｋｏｕｓｈｏｋｕ
946,koushokuka
947,ｋｏｕｓｈｏｋｕｋａ
948,koushokuonna
949,ｋｏｕｓｈｏｋｕｏｎｎａ
950,kouzenwaisetsu
951,ｋｏｕｚｅｎｗａｉｓｅｔｓｕ
952,kubikiri
953,ｋｕｂｉｋｉｒｉ
954,kumitoriya
955,ｋｕｍｉｔｏｒｉｙａ
956,kunni
957,ｋｕｎｎｉ
958,ｋｕｎｎｉｒｉｎｇｕｓｕ
959,kuri-
960,ｋｕｒｉ−
961,ku-ri-
962,ｋｕ−ｒｉ−
963,kuriningusu
964,ｋｕｒｉｎｉｎｇｕｓｕ
965,kuritorisu
966,ｋｕｒｉｔｏｒｉｓｕ
967,kuronbo
968,ｋｕｒｏｎｂｏ
969,kuukiningyou
970,ｋｕｕｋｉｎｉｎｇｙｏｕ
971,kuwaekomu
972,ｋｕｗａｅｋｏｍｕ
973,kuzu
974,ｋｕｚｕ
975,kuzuya
976,ｋｕｚｕｙａ
977,kyokon
978,ｋｙｏｋｏｎ
979,kyonyu
980,ｋｙｏｎｙｕ
981,kyonyuu
982,ｋｙｏｎｙｕｕ
983,kyoujin
984,ｋｙｏｕｊｉｎ
985,kyouki
986,ｋｙｏｕｋｉ
987,kyoukinosata
988,ｋｙｏｕｋｉｎｏｓａｔａ
989,labia
990,ｌａｂｉａ
991,lovecosme
992,ｌｏｖｅｃｏｓｍｅ
993,lovehotel
994,maetsuki
995,ｍａｅｔｓｕｋｉ
996,mairu-ra
997,ｍａｉｒｕ−ｒａ
998,mancho
999,ｍａｎｃｈｏ
1000,manjiru
1001,ｍａｎｊｉｒｕ
1002,manko
1003,ｍａｎｋｏ
1004,manshu
1005,ｍａｎｓｈｕ
1006,marifana
1007,ｍａｒｉｆａｎａ
1008,marihyana
1009,ｍａｒｉｈｙａｎａ
1010,marijuana
1011,mariwana
1012,ｍａｒｉｗａｎａ
1013,masturbation
1014,ｍａｓｔｕｒｂａｔｉｏｎ
1015,maza-fakku
1016,ｍａｚａ−ｆａｋｋｕ
1017,mekura
1018,ｍｅｋｕｒａ
1019,midara
1020,ｍｉｄａｒａ
1021,mikaihatsukoku
1022,ｍｉｋａｉｈａｔｓｕｋｏｋｕ
1023,mikaijin
1024,ｍｉｋａｉｊｉｎ
1025,mitsukuchi
1026,ｍｉｔｓｕｋｕｃｈｉ
1027,mitsuuonna
1028,ｍｉｔｓｕｕｏｎｎｎａ
1029,mjo
1030,ｍｊｏ
1031,mjou
1032,ｍｊｏｕ
1033,mkei
1034,ｍｋｅｉ
1035,mkko
1036,ｍｋｋｏ
1037,mmusume
1038,ｍｍｕｓｕｍｅ
1039,motherfuck
1040,ｍｏｔｈｅｒｆｕｃｋ
1041,moujin
1042,ｍｏｕｊｉｎ
1043,moukoshou
1044,ｍｏｕｋｏｓｈｏｕ
1045,moumoku
1046,ｍｏｕｍｏｋｕ
1047,musei
1048,ｍｕｓｅｉ
1049,ｍけい
1050,ｍケイ
1051,mけい
1052,mケイ
1053,ｍじょ
1054,ｍジョ
1055,mじょ
1056,mジョ
1057,ｍじょう
1058,ｍジョウ
1059,mじょう
1060,mジョウ
1061,Mっこ
1062,Mｯｺ
1063,Ｍっこ
1064,Ｍッコ
1065,mッコ
1066,Mっ子
1067,Mｯ子
1068,Ｍっ子
1069,Ｍッ子
1070,ｍむすめ
1071,ｍムスメ
1072,mむすめ
1073,mムスメ
1074,M系
1075,Ｍ系
1076,M女
1077,Ｍ女
1078,M嬢
1079,Ｍ嬢
1080,M娘
1081,Ｍ娘
1082,nachisu
1083,ｎａｃｈｉｓｕ
1084,nachisudoitsu
1085,ｎａｃｈｉｓｕｄｏｉｔｓｕ
1086,nakadashi
1087,ｎａｋａｄａｓｈｉ
1088,nazis
1089,ｎａｚｉｓ
1090,negro
1091,ｎｅｇｒｏ
1092,niga-
1093,ｎｉｇａ−
1094,niger
1095,ｎｉｇｅｒ
1096,niguro
1097,ｎｉｇｕｒｏ
1098,nikkajihen
1099,ｎｉｋｋａｊｉｈｅｎ
1100,nikkasensou
1101,ｎｉｋｋａｓｅｎｓｏｕ
1102,ninpinin
1103,ｎｉｎｐｉｎｉｎ
1104,ninpu
1105,ｎｉｎｐｕ
1106,nude
1107,ｎｕｄｅ
1108,nyoshoku
1109,ｎｙｏｓｈｏｋｕ
1110,nyuurin
1111,ｎｙｕｕｒｉｎ
1112,oback
1113,ｏｂａｃｋ
1114,o-back
1115,ｏ−ｂａｃｋ
1116,o-bakku
1117,ｏ−ｂａｋｋｕ
1118,oboreshinu
1119,ｏｂｏｒｅｓｈｉｎｕ
1120,obutsu
1121,ｏｂｕｔｓｕ
1122,ochiudoburaku
1123,ｏｃｈｉｕｄｏｂｕｒａｋｕ
1124,ofisurabu
1125,ｏｆｉｓｕｒａｂｕ
1126,o-ganizumu
1127,ｏ−ｇａｎｉｚｕｍｕ
1128,o-gasumu
1129,ｏ−ｇａｓｕｍｕ
1130,o-gasumusu
1131,ｏ−ｇａｓｕｍｕｓｕ
1132,o-gazumu
1133,ｏ−ｇａｚｕｍｕ
1134,oginoshiki
1135,ｏｇｉｎｏｓｈｉｋｉ
1136,oibore
1137,ｏｉｂｏｒｅ
1138,oirokekougeki
1139,ｏｉｒｏｋｅｋｏｕｇｅｋｉ
1140,okasu
1141,ｏｋａｓｕ
1142,oldmiss
1143,onaga
1144,ｏｎａｇａ
1145,onagoe
1146,ｏｎａｇｏｅ
1147,onahole
1148,ｏｎａｈｏｌｅ
1149,onaho-ru
1150,ｏｎａｈｏ−ｒｕ
1151,onakei
1152,ｏｎａｋｅｉ
1153,onani
1154,ｏｎａｎｉ
1155,onarou
1156,ｏｎａｒｏｕ
1157,onasha
1158,ｏｎａｓｈａ
1159,onazuki
1160,ｏｎａｚｕｋｉ
1161,onbou
1162,ｏｎｂｏｕ
1163,onnaasobi
1164,ｏｎｎａａｓｏｂｉ
1165,onnagoroshi
1166,ｏｎｎａｇｏｒｏｓｈｉ
1167,onnagurui
1168,ｏｎｎａｇｕｒｕｉ
1169,onnatarashi
1170,ｏｎｎａｔａｒａｓｈｉ
1171,onnazakari
1172,ｏｎｎａｚａｋａｒｉ
1173,ｏｎｎａｚｕｋｉ
1174,onnazumou
1175,ｏｎｎａｚｕｍｏｕ
1176,oppai
1177,ｏｐｐａｉ
1178,organism
1179,ｏｒｇａｎｉｓｍ
1180,orgasm
1181,ｏｒｇａｓｍ
1182,orgasmus
1183,ｏｒｇａｓｍｕｓ
1184,o-rudomisu
1185,ｏ−ｒｕｄｏｍｉｓｕ
1186,o-runu-do
1187,ｏ−ｒｕｎｕ−ｄｏ
1188,osanazuma
1189,ｏｓａｎａｚｕｍｅ
1190,oshikko
1191,ｏｓｈｉｋｋｏ
1192,otokoasari
1193,ｏｔｏｋｏａｓａｒｉ
1194,otokobenjo
1195,ｏｔｏｋｏｂｅｎｊｏ
1196,otokogoroshi
1197,ｏｔｏｋｏｇｏｒｏｓｈｉ
1198,otokohideri
1199,ｏｔｏｋｏｈｉｄｅｒｉ
1200,otonanoomocha
1201,ｏｔｏｎａｎｏｏｍｏｃｈａ
1202,ｏｕｍｕｓｈｉｎｒｉｋｙｏｕ
1203,oumusinnrikyou
1204,owai
1205,ｏｗａｉ
1206,owaiya
1207,ｏｗａｉｙａ
1208,oバック
1209,paipan
1210,ｐａｉｐａｎ
1211,pansuke
1212,ｐａｎｓｕｋｅ
1213,peichuu
1214,ｐｅｉｃｈｕｕ
1215,penis
1216,ｐｅｎｉｓ
1217,penisu
1218,ｐｅｎｉｓｕ
1219,peyo-te
1220,ｐｅｙｏ−ｔｅ
1221,pinkrotor
1222,ｐｉｎｋｒｏｔｏｒ
1223,pinksalon
1224,ｐｉｎｋｓａｌｏｎ
1225,pinkuro-ta
1226,ｐｉｎｋｕｒｏ−ｔａ
1227,pinkuro-ta-
1228,pinkusaron
1229,ｐｉｎｋｕｓａｒｏｎ
1230,ｐｉｎｎｋｕｒｏ−ｔａ−
1231,pinsaro
1232,ｐｉｎｓａｒｏ
1233,poa
1234,ｐｏａ
1235,ponbiki
1236,ｐｏｎｂｉｋｉ
1237,porno
1238,ｐｏｒｎｏ
1239,pornography
1240,ｐｏｒｎｏｇｒａｐｈｙ
1241,poruno
1242,ｐｏｒｕｎｏ
1243,porunoeiga
1244,ｐｏｒｕｎｏｅｉｇａ
1245,porunogazou
1246,ｐｏｒｕｎｏｇａｚｏｕ
1247,porunoshousetsu
1248,ｐｏｒｕｎｏｓｈｏｕｓｅｔｓｕ
1249,rabuho
1250,ｒａｂｕｈｏ
1251,rabuhoteru
1252,ｒａｂｕｈｏｔｅｒｕ
1253,rabukosume
1254,ｒａｂｕｋｏｓｕｍｅ
1255,ｒａｃｈｉｈａｎ
1256,raibyou
1257,ｒａｉｂｙｏｕ
1258,rankou
1259,ｒａｎｋｏｕ
1260,rape
1261,ｒａｐｅ
1262,realmoney
1263,ｒｅａｌｍｏｎｅｙ
1264,reipu
1265,ｒｅｉｐｕ
1266,riarudeecchi
1267,ｒｉａｒｕｄｅｅｃｃｈｉ
1268,riaruecchi
1269,ｒｉａｒｕｅｃｃｈｉ
1270,riarumane-
1271,ｒｉａｒｕｍａｎｅ−
1272,romanporno
1273,ｒｏｍａｎｐｏｒｎｏ
1274,romanporuno
1275,ｒｏｍａｎｐｏｒｕｎｏ
1276,ronpari
1277,ｒｏｎｐａｒｉ
1278,rosuke
1279,ｒｏｓｕｋｅ
1280,saiin
1281,ｓａｉｉｎ
1282,saiinzai
1283,ｓａｉｉｎｚａｉ
1284,sakeji
1285,ｓａｋｅｊｉ
1286,sakibashirijiru
1287,ｓａｋｉｂａｓｈｉｒｉｊｉｒｕ
1288,sangokujin
1289,ｓａｎｇｏｋｕｊｉｎ
1290,sankanseibatsu
1291,ｓａｎｋａｎｓｅｉｂａｔｓｕ
1292,sansuke
1293,ｓａｎｓｕｋｅ
1294,sarakin
1295,ｓａｒａｋｉｎ
1296,sarin
1297,ｓａｒｉｎ
1298,sarubia
1299,ｓａｒｕｂｉａ
1300,satsujin
1301,ｓａｔｓｕｊｉｎ
1302,satsujinsha
1303,ｓａｔｓｕｊｉｎｓｈａ
1304,scanty
1305,scatology
1306,ｓｃａｔｏｌｏｇｙ
1307,sebunsuhebun
1308,ｓｅｂｕｎｓｕｈｅｂｕｎ
1309,sefure
1310,ｓｅｆｕｒｅ
1311,seichishiki
1312,ｓｅｉｃｈｉｓｈｉｋｉ
1313,seieki
1314,ｓｅｉｅｋｉ
1315,seifuuzoku
1316,ｓｅｉｆｕｕｚｏｋｕ
1317,seihaku
1318,ｓｅｉｈａｋｕ
1319,seihakuji
1320,ｓｅｉｈａｋｕｊｉ
1321,seiheki
1322,ｓｅｉｈｅｋｉ
1323,seiishiki
1324,ｓｅｉｉｓｈｉｋｉ
1325,seikantai
1326,ｓｅｉｋａｎｔａｉ
1327,seiki
1328,ｓｅｉｋｉ
1329,seikiseppun
1330,ｓｅｉｋｉｓｅｐｐｕｎ
1331,seikoudou
1332,ｓｅｉｋｏｕｄｏｕ
1333,seikoufuryou
1334,seikyouiku
1335,ｓｅｉｋｙｏｕｉｋｕ
1336,seiri
1337,ｓｅｉｒｉ
1338,seiribi
1339,ｓｅｉｒｉｂｉ
1340,seiriyouhin
1341,ｓｅｉｒｉｙｏｕｈｉｎ
1342,seiryokuzai
1343,ｓｅｉｒｙｏｋｕｚａｉ
1344,seiseijuku
1345,ｓｅｉｓｅｉｊｕｋｕ
1346,seiseikatsu
1347,ｓｅｉｓｅｉｋａｔｓｕ
1348,seishi
1349,ｓｅｉｓｈｉ
1350,seishinbunretsushou
1351,ｓｅｉｓｈｉｎｂｕｎｒｅｔｓｕｓｈｏｕ
1352,seishinbyou
1353,ｓｅｉｓｈｉｎｂｙｏｕ
1354,seishinijou
1355,ｓｅｉｓｈｉｎｉｊｏｕ
1356,seishiundou
1357,ｓｅｉｓｈｉｕｎｄｏｕ
1358,seishoku
1359,ｓｅｉｓｈｏｋｕ
1360,seishoudou
1361,ｓｅｉｓｈｏｕｄｏｕ
1362,seisoujuku
1363,ｓｅｉｓｏｕｊｕｋｕ
1364,seitenkan
1365,ｓｅｉｔｅｎｋａｎ
1366,seitousaku
1367,ｓｅｉｔｏｕｓａｋｕ
1368,seitsuu
1369,ｓｅｉｔｓｕｕ
1370,seiyoku
1371,ｓｅｉｙｏｋｕ
1372,sekkusu
1373,ｓｅｋｋｕｓｕ
1374,sekkyakuhu
1375,ｓｅｋｋｙａｋｕｈｕ
1376,sekufure
1377,ｓｅｋｕｆｕｒｅ
1378,semegu
1379,ｓｅｍｅｇｕ
1380,ｓｅｍｅｎ
1381,seminude
1382,ｓｅｍｉｎｕｄｅ
1383,seminu-do
1384,ｓｅｍｉｎｕ−ｄｏ
1385,semushi
1386,ｓｅｍｕｓｈｉ
1387,senzuri
1388,ｓｅｎｚｕｒｉ
1389,serotonin
1390,ｓｅｒｏｔｏｎｉｎ
1391,seventhheaven
1392,ｓｅｖｅｎｔｈｈｅａｖｅｎ
1393,SEX
1394,ＳＥＸ
1395,sexfriend
1396,ｓｅｘｆｒｉｅｎｄ
1397,shabu
1398,ｓｈａｂｕ
1399,shabuchuu
1400,ｓｈａｂｕｃｈｕｕ
1401,shasei
1402,ｓｈａｓｅｉ
1403,shigyaku
1404,ｓｈｉｇｙａｋｕ
1405,shigyakushou
1406,ｓｈｉｇｙａｋｕｓｈｏｕ
1407,shikabane
1408,ｓｈｉｋａｂａｎｅ
1409,shikijoukyou
1410,ｓｈｉｋｉｊｏｕｋｙｏｕ
1411,shikijoushou
1412,ｓｈｉｋｉｊｏｕｓｈｏｕ
1413,shikimou
1414,ｓｈｉｋｉｍｏｕ
1415,shikiyoku
1416,ｓｈｉｋｉｙｏｋｕ
1417,shikkinn
1418,ｓｈｉｋｋｉｎｎ
1419,shikkusunain
1420,ｓｈｉｋｋｕｓｕｎａｉｎ
1421,shikome
1422,ｓｈｉｋｏｍｅ
1423,shikoo
1424,ｓｈｉｋｏｏ
1425,shikyu
1426,ｓｈｉｋｙｕ
1427,shimoneta
1428,ｓｈｉｍｏｎｅｔａ
1429,shimoonna
1430,ｓｈｉｍｏｏｎｎａ
1431,shimootoko
1432,ｓｈｉｍｏｏｔｏｋｏ
1433,shinachiku
1434,ｓｈｉｎａｃｈｉｋｕ
1435,shinajihen
1436,ｓｈｉｎａｊｉｈｅｎ
1437,shinajin
1438,ｓｈｉｎａｊｉｎ
1439,shinaryouri
1440,ｓｈｉｎａｒｙｏｕｒｉ
1441,shinasoba
1442,ｓｈｉｎａｓｏｂａ
1443,shina
1444,ｓｈｉｎａ
1445,shine
1446,ｓｈｉｎｅ
1447,ｓｈｉｎｓｅｉｈｏｕｋｅｉ
1448,shinseihoukei
1449,shinshouji
1450,ｓｈｉｎｓｈｏｕｊｉ
1451,shinshousha
1452,ｓｈｉｎｓｈｏｕｓｈａ
1453,shintaikei
1454,ｓｈｉｎｔａｉｋｅｉ
1455,shinu
1456,ｓｈｉｎｕ
1457,shioｆuki
1458,ｓｈｉｏｆｕｋｉ
1459,shirigaru
1460,ｓｈｉｒｉｇａｒｕ
1461,shirigaruonna
1462,ｓｈｉｒｉｇａｒｕｏｎｎａ
1463,shishou
1464,ｓｈｉｓｈｏｕ
1465,shishoukutsu
1466,ｓｈｉｓｈｏｕｋｕｔｓｕ
1467,shitabaki
1468,ｓｈｉｔａｂａｋｉ
1469,ｓｈｉｔａｎｏｋｕｃｈｉ
1470,shitaobi
1471,ｓｈｉｔａｏｂｉ
1472,shizunome
1473,ｓｈｉｚｕｎｏｍｅ
1474,ｓｈｏｃｈｏｕ
1475,shochouki
1476,ｓｈｏｃｈｏｕｋｉ
1477,shojo
1478,ｓｈｏｊｏ
1479,shojohou
1480,ｓｈｏｊｏｈｏｕ
1481,shojomaku
1482,ｓｈｏｊｏｍａｋｕ
1483,shojosaku
1484,ｓｈｏｊｏｓａｋｕ
1485,shokei
1486,ｓｈｏｋｅｉ
1487,shokubutsuningen
1488,ｓｈｏｋｕｂｕｔｓｕｎｉｎｇｅｎ
1489,shonben
1490,ｓｈｏｎｂｅｎ
1491,shorts
1492,ｓｈｏｒｔｓ
1493,sho-tsu
1494,ｓｈｏ−ｔｓｕ
1495,sho-tsuga-doru
1496,ｓｈｏ−ｔｓｕｇａ−ｄｏｒｕ
1497,sho-tsurain
1498,ｓｈｏ−ｔｓｕｒａｉｎ
1499,shoubaionna
1500,ｓｈｏｕｂａｉｏｎｎａ
1501,shouben
1502,ｓｈｏｕｂｅｎ
1503,shouｆu
1504,ｓｈｏｕｆｕ
1505,shougaisha
1506,ｓｈｏｕｇａｉｓｈａ
1507,shougaizai
1508,ｓｈｏｕｇａｉｚａｉ
1509,shoujo
1510,ｓｈｏｕｊｏ
1511,shounenai
1512,ｓｈｏｕｎｅｎａｉ
1513,shounenhanzai
1514,ｓｈｏｕｎｅｎｈａｎｚａｉ
1515,shounenin
1516,ｓｈｏｕｎｅｎｉｎ
1517,shoya
1518,ｓｈｏｙａ
1519,shoyaken
1520,ｓｈｏｙａｋｅｎ
1521,shuin
1522,ｓｈｕｉｎ
1523,shukuben
1524,ｓｈｕｋｕｂｅｎ
1525,shunga
1526,ｓｈｕｎｇａ
1527,shuudanecchi
1528,ｓｈｕｕｄａｎｅｃｃｈｉ
1529,shuujin
1530,ｓｈｕｕｊｉｎ
1531,sikkusunain
1532,ｓｉｋｋｕｓｕｎａｉｎ
1533,sine
1534,si-ne
1535,sisterboy
1536,ｓｉｓｔｅｒｂｏｙ
1537,sisuta-bo-i
1538,ｓｉｓｕｔａ−ｂｏ−ｉ
1539,sixnine
1540,ｓｉｘｎｉｎｅ
1541,six-nine
1542,ｓｉｘ−ｎｉｎｅ
1543,sjo
1544,ｓｊｏ
1545,sjou
1546,ｓｊｏｕ
1547,skei
1548,ｓｋｅｉ
1549,skko
1550,ｓｋｋｏ
1551,slum
1552,ｓｌｕｍ
1553,sm
1554,ｓｍ
1555,smusume
1556,ｓｍｕｓｕｍｅ
1557,SMくらぶ
1558,SMクラブ
1559,SMｸﾗﾌﾞ
1560,ＳＭクラブ
1561,ｓｍくらぶ
1562,soap-jo
1563,ｓｏａｐ−ｊｏ
1564,soapland
1565,ｓｏａｐｌａｎｄ
1566,sokei
1567,ｓｏｋｅｉ
1568,sokeibu
1569,ｓｏｋｅｉｂｕ
1570,so-pujou
1571,ｓｏ−ｐｕｊｏｕ
1572,so-purando
1573,ｓｏ−ｐｕｒａｎｄｏ
1574,soujuku
1575,ｓｏｕｊｕｋｕ
1576,soujukumusume
1577,ｓｏｕｊｕｋｕｍｕｓｕｍｅ
1578,soujukusei
1579,ｓｏｕｊｕｋｕｓｅｉ
1580,sounyuu
1581,ｓｏｕｎｙｕｕ
1582,sourou
1583,ｓｏｕｒｏｕ
1584,souzouninshin
1585,ｓｏｕｚｏｕｎｉｎｓｈｉｎ
1586,ｓｐｅｒｍ
1587,sperma
1588,ｓｐｅｒｍａ
1589,streaking
1590,ｓｔｒｅａｋｉｎｇ
1591,ｓｔｒｅｅｅｔｇｉｒｌ
1592,streetgirl
1593,suhadaka
1594,ｓｕｈａｄａｋａ
1595,suicide
1596,ｓｕｉｃｉｄｅ
1597,suiminyaku
1598,ｓｕｉｍｉｎｙａｋｕ
1599,sukatoro
1600,ｓｕｋａｔｏｒｏ
1601,sukebe
1602,ｓｕｋｅｂｅ
1603,sukebei
1604,ｓｕｋｅｂｅｉ
1605,sukebeisu
1606,ｓｕｋｅｂｅｉｓｕ
1607,sukekomashi
1608,ｓｕｋｅｋｏｍａｓｈｉ
1609,sukimono
1610,ｓｕｋｉｍｏｎｏ
1611,sukyanthi
1612,ｓｕｋｙａｎｔｈｉ
1613,supankingu
1614,ｓｕｐａｎｋｉｎｇｕ
1615,superuma
1616,ｓｕｐｅｒｕｍａ
1617,suppadaka
1618,ｓｕｐｐａｄａｋａ
1619,suramu
1620,ｓｕｒａｍｕ
1621,suri-saizu
1622,ｓｕｒｉ−ｓａｉｚｕ
1623,sutori-kingu
1624,ｓｕｔｏｒｉ−ｋｉｎｇｕ
1625,ｓｕｔｏｒｉ−ｔｏｇａ−ｒｕ
1626,ｓけい
1627,ｓケイ
1628,sけい
1629,sケイ
1630,ｓじょ
1631,ｓジョ
1632,sじょ
1633,sジョ
1634,ｓじょう
1635,ｓジョウ
1636,sじょう
1637,sジョウ
1638,Sっこ
1639,Sｯｺ
1640,Ｓっこ
1641,Ｓッコ
1642,sッコ
1643,Sっ子
1644,Sｯ子
1645,Ｓっ子
1646,Ｓッ子
1647,ｓむすめ
1648,ｓムスメ
1649,sむすめ
1650,sムスメ
1651,S系
1652,Ｓ系
1653,S女
1654,Ｓ女
1655,S嬢
1656,Ｓ嬢
1657,S娘
1658,Ｓ娘
1659,taiben
1660,ｔａｉｂｅｎ
1661,taigaijusei
1662,ｔａｉｇａｉｊｕｓｅｉ
1663,taima
1664,ｔａｉｍａ
1665,taiwanhage
1666,ｔａｉｗａｎｈａｇｅ
1667,taiwanseifu
1668,ｔａｉｗａｎｓｅｉｆｕ
1669,tajou
1670,ｔａｊｏｕ
1671,talibaan
1672,ｔａｌｉｂａａｎ
1673,tariban
1674,ｔａｒｉｂａｎ
1675,teinou
1676,ｔｅｉｎｏｕ
1677,teinouji
1678,ｔｅｉｎｏｕｊｉ
1679,TELH
1680,ＴＥＬＨ
1681,teman
1682,ｔｅｍａｎ
1683,tenbou
1684,ｔｅｎｂｏｕ
1685,tereecchi
1686,ｔｅｒｅｅｃｃｈｉ
1687,tero
1688,ｔｅｒｏ
1689,terorisuto
1690,ｔｅｒｏｒｉｓｕｔｏ
1691,terososhiki
1692,ｔｅｒｏｓｏｓｉｋｉ
1693,terror
1694,ｔｅｒｒｏｒ
1695,terrorism
1696,ｔｅｒｒｏｒｉｓｍ
1697,terrorist
1698,ｔｅｒｒｏｒｉｓｔ
1699,teruecchi
1700,ｔｅｒｕｅｃｃｈｉ
1701,threesize
1702,ｔｈｒｅｅｓｉｚｅ
1703,tokushuburaku
1704,ｔｏｋｕｓｈｕｂｕｒａｋｕ
1705,tokushugakkou
1706,ｔｏｋｕｓｈｕｇａｋｋｏｕ
1707,ｔｏｋｕｓｈｕｇａｋｋｙｕ
1708,tokushugakyu
1709,torukoburo
1710,ｔｏｒｕｋｏｂｕｒｏ
1711,torukojou
1712,ｔｏｒｕｋｏｊｏｕ
1713,tosatsu
1714,ｔｏｓａｔｓｕ
1715,tosatsujou
1716,ｔｏｓａｔｓｕｊｏｕ
1717,tosatsunin
1718,ｔｏｓａｔｓｕｎｉｎ
1719,tsunbo
1720,ｔｓｕｎｂｏ
1721,uejini
1722,ｕｅｊｉｎｉ
1723,ukareonna
1724,ｕｋａｒｅｏｎｎａ
1725,ukina
1726,ｕｋｉｎａ
1727,umanami
1728,ｕｍａｎａｍｉ
1729,umazume
1730,ｕｍａｚｕｍｅ
1731,unchi
1732,ｕｎｃｈｉ
1733,unei
1734,ｕｎｅｉ
1735,uneichi-mu
1736,ｕｎｅｉｃｈｉ−ｍｕ
1737,uneisha
1738,ｕｎｅｉｓｈａ
1739,uneiteam
1740,ｕｎｅｉｔｅａｍ
1741,unko
1742,ｕｎｋｏ
1743,unkosuwari
1744,ｕｎｋｏｓｕｗａｒｉ
1745,unkozuwari
1746,ｕｎｋｏｚｕｗａｒｉ
1747,urabideo
1748,ｕｒａｂｉｄｅｏ
1749,uwaki
1750,ｕｗａｋｉ
1751,uwakimono
1752,ｕｗａｋｉｍｏｎｏ
1753,uwakimusume
1754,ｕｗａｋｉｍｕｓｕｍｅ
1755,uwakionna
1756,ｕｗａｋｉｏｎｎａ
1757,uwakiotoko
1758,ｕｗａｋｉｏｔｏｋｏ
1759,uwakishou
1760,ｕｗａｋｉｓｈｏｕ
1761,vagina
1762,ｖａｇｉｎａ
1763,vaka
1764,ｖａｋａ
1765,wagina
1766,ｗａｇｉｎａ
1767,yabuisha
1768,ｙａｂｕｉｓｈａ
1769,yabunirami
1770,ｙａｍｕｎｉｒａｍｉ
1771,yariman
1772,ｙａｒｉｍａｎ
1773,yaritomo
1774,ｙａｒｉｔｏｍｏ
1775,ya-sama
1776,ｙａ−ｓａｍａ
1777,yokkyuu
1778,ｙｏｋｋｙｕｕ
1779,yokkyuufuman
1780,ｙｏｋｋｙｕｕｆｕｍａｎ
1781,yorime
1782,ｙｏｒｉｍｅ
1783,yotsuashi
1784,ｙｏｔｓｕａｓｈｉ
1785,ｙｕｕｋａｉｈａｎ
1786,yuukaihann
1787,za-men
1788,ｚａ−ｍｅｎ
1789,zegen
1790,ｚｅｇｅｎ
1791,zenadorin
1792,ｚｅｎａｄｏｒｉｎ
1793,zenkamono
1794,ｚｅｎｋａｍｏｎｏ
1795,zenmou
1796,ｚｅｎｍｏｕ
1797,zetsurin
1798,ｚｅｔｓｕｒｉｎ
1799,zuro-su
1800,ｚｕｒｏ−ｓｕ
1801,zuro-zu
1802,ｚｕｒｏ−ｚｕ
1803,zuruyasumi
1804,ｚｕｒｕｙａｓｕｍｉ
1805,あいえき
1806,アイエキ
1807,ｱｲｴｷ
1808,あいぬ
1809,アイヌ
1810,ｱｲﾇ
1811,あいのこ
1812,アイノコ
1813,ｱｲﾉｺ
1814,あいぶ
1815,アイブ
1816,ｱｲﾌﾞ
1817,あえぎ
1818,アエギ
1819,ｱｴｷﾞ
1820,あえぎごえ
1821,アエギゴエ
1822,ｱｴｷﾞｺﾞｴ
1823,あえぎ声
1824,あおかん
1825,アオカン
1826,ｱｵｶﾝ
1827,あかはた
1828,アカハタ
1829,ｱｶﾊﾀ
1830,あかはだ
1831,アカハダ
1832,ｱｶﾊﾀﾞ
1833,あきめくら
1834,アキメクラ
1835,ｱｷﾒｸﾗ
1836,あくふ
1837,アクフ
1838,ｱｸﾌ
1839,アクメ
1840,あくめ
1841,麻原彰晃
1842,彰晃
1843,あさだち
1844,アサダチ
1845,ｱｻﾀﾞﾁ
1846,あしきり
1847,アシキリ
1848,ｱｼｷﾘ
1849,あしなえ
1850,アシナエ
1851,ｱｼﾅｴ
1852,あしゃ
1853,アシャ
1854,ｱｼｬ
1855,あすほーる
1856,アスホール
1857,ｱｽﾎｰﾙ
1858,あだると
1859,アダルト
1860,ｱﾀﾞﾙﾄ
1861,アトオイジサツ
1862,あとおいじさつ
1863,ｱﾄｵｲｼﾞｻﾂ
1864,ｱﾄﾞﾙﾌﾋﾄﾗｰ
1865,アドルフヒトラー
1866,あどるふひとらー
1867,あなる
1868,アナル
1869,ｱﾅﾙ
1870,アヌス
1871,あぬす
1872,ｱﾇｽ
1873,あぱるとへいと
1874,アパルトヘイト
1875,ｱﾊﾟﾙﾄﾍｲﾄ
1876,アフォ
1877,ｱﾌｫ
1878,あふぉ
1879,あへん
1880,アヘン
1881,ｱﾍﾝ
1882,あほ
1883,アホ
1884,ｱﾎ
1885,あめ公
1886,ｱﾒｺｳ
1887,ｱﾒ公
1888,あめこう
1889,アメ公
1890,アルカイダ
1891,あるかいだ
1892,ｱﾙｶｲﾀﾞ
1893,あるちゅう
1894,アル中
1895,ｱﾙﾁｭｳ
1896,ある中
1897,ｱﾙ中
1898,あさはらしょうこう
1899,アサハラショウコウ
1900,ｱｻﾊﾗｼｮｳｺｳ
1901,あんらくし
1902,アンラクシ
1903,ｱﾝﾗｸｼ
1904,いあんじょ
1905,イアンジョ
1906,ｲｱﾝｼﾞｮ
1907,いあんふ
1908,イアンフ
1909,ｲｱﾝﾌ
1910,いあんぷ
1911,イアンプ
1912,ｲｱﾝﾌﾟ
1913,イカサマ
1914,いかさま
1915,いきうめ
1916,イキウメ
1917,ｲｷｳﾒ
1918,イスラム国
1919,いすらむ国
1920,ｲｽﾗﾑ国
1921,イスラム教
1922,いすらむ教
1923,ｲｽﾗﾑ教
1924,イスラム過激派
1925,いすらむ過激派
1926,ｲｽﾗﾑ過激派
1927,いすらむこく
1928,いすらむくに
1929,イスラムコク
1930,イスラムクニ
1931,ｲｽﾗﾑｺｸ
1932,ｲｽﾗﾑｸﾆ
1933,ｲｽﾗﾑｷｮｳ
1934,いすらむかげきは
1935,イスラムカゲキハ
1936,ｲｽﾗﾑｶｹﾞｷﾊ
1937,ｼﾞﾊｰﾄﾞ
1938,じはーど
1939,ジハード
1940,isis
1941,ｉｓｉｓ
1942,isil
1943,ｉｓｉｌ
1944,いさつ
1945,イサツ
1946,ｲｻﾂ
1947,いざり
1948,イザリ
1949,ｲｻﾞﾘ
1950,いすあらい
1951,イスアライ
1952,ｲｽｱﾗｲ
1953,いせこじき
1954,イセコジキ
1955,ｲｾｺｼﾞｷ
1956,いたこう
1957,イタ公
1958,いた公
1959,ｲﾀｺｳ
1960,ｲﾀ公
1961,いちやづま
1962,イチヤヅマ
1963,ｲﾁﾔｽﾂﾞﾏ
1964,いぬごろし
1965,イヌゴロシ
1966,いぼじ
1967,イボジ
1968,ｲﾎﾞｼﾞ
1969,いぼぢ
1970,イボヂ
1971,ｲﾎﾞﾁﾞ
1972,イボ痔
1973,ｲﾎﾞ痔
1974,いぼ痔
1975,いめーじくらぶ
1976,いめｰじくらぶ
1977,イメージクラブ
1978,ｲﾒｰｼﾞｸﾗﾌﾞ
1979,いめくら
1980,イメクラ
1981,ｲﾒｸﾗ
1982,いんぎゃく
1983,インギャク
1984,いんけい
1985,インケイ
1986,ｲﾝｹｲ
1987,いんけいがん
1988,インケイガン
1989,ｲﾝｹｲｶﾞﾝ
1990,いんこう
1991,インコウ
1992,ｲﾝｺｳ
1993,いんじ
1994,インジ
1995,ｲﾝｼﾞ
1996,いんじゅう
1997,インジュウ
1998,ｲﾝｼﾞｭｳ
1999,いんしん
2000,インシン
2001,ｲﾝｼﾝ
2002,いんすい
2003,インスイ
2004,ｲﾝｽｲ
2005,インチキ
2006,いんちき
2007,ｲﾝﾁｷ
2008,いんでぃあんうそつかない
2009,インディアン嘘つかない
2010,ｲﾝﾃﾞｨｱﾝｳｿﾂｶﾅｲ
2011,いんとう
2012,イントウ
2013,ｲﾝﾄｳ
2014,いんのう
2015,インノウ
2016,ｲﾝﾉｳ
2017,いんのうがん
2018,インノウガン
2019,ｲﾝﾉｳｶﾞﾝ
2020,いんばい
2021,インバイ
2022,ｲﾝﾊﾞｲ
2023,いんばいおんな
2024,インバイオンナ
2025,ｲﾝﾊﾞｲｵﾝﾅ
2026,いんび
2027,インビ
2028,ｲﾝﾋﾞ
2029,いんぶ
2030,インブ
2031,ｲﾝﾌﾞ
2032,インプ
2033,いんぷ
2034,ｲﾝﾌﾟ
2035,インポ
2036,いんぽ
2037,ｲﾝﾎﾟ
2038,インポテンツ
2039,いんぽてんつ
2040,ｲﾝﾎﾟﾃﾝﾂ
2041,いんぽん
2042,インポン
2043,ｲﾝﾎﾟﾝ
2044,いんま
2045,インマ
2046,ｲﾝﾏ
2047,いんもう
2048,インモウ
2049,ｲﾝﾓｳ
2050,いんもん
2051,インモン
2052,ｲﾝﾓﾝ
2053,いんよく
2054,インヨク
2055,ｲﾝﾖｸ
2056,いんらく
2057,インラク
2058,ｲﾝﾗｸ
2059,いんらん
2060,インラン
2061,ｲﾝﾗﾝ
2062,いんらんしょう
2063,インランショウ
2064,ｲﾝﾗﾝｼｮｳ
2065,いんわい
2066,インワイ
2067,ｲﾝﾜｲ
2068,ヴぁか
2069,ヴァカ
2070,ｳﾞぁか
2071,ｳﾞｧｶ
2072,う゛ぁか
2073,ヴぁぎな
2074,ヴァギナ
2075,ｳﾞぁぎな
2076,ｳﾞｧｷﾞﾅ
2077,う゛ぁぎな
2078,うかれおんな
2079,ウカレオンナ
2080,ｳｶﾚｵﾝﾅ
2081,うきな
2082,ウキナ
2083,ｳｷﾅ
2084,うさまびんらでぃん
2085,ウサマビンラディン
2086,ｳｻﾏﾋﾞﾝﾗﾃﾞｨﾝ
2087,うまずめ
2088,ウマズメ
2089,ｳﾏｽﾞﾒ
2090,うまなみ
2091,ウマナミ
2092,ｳﾏﾅﾐ
2093,うめごろし
2094,ウメゴロシ
2095,ｳﾒｺﾞﾛｼ
2096,うらにほん
2097,うよく
2098,ウヨク
2099,ｳﾖｸ
2100,ウラニホン
2101,ｳﾗﾆﾎﾝ
2102,うらびでお
2103,ウラビデオ
2104,ｳﾗﾋﾞﾃﾞｵ
2105,うわき
2106,ウワキ
2107,ｳﾜｷ
2108,うわきおとこ
2109,ウワキオトコ
2110,ｳﾜｷｵﾄｺ
2111,うわきおんな
2112,ウワキオンナ
2113,ｳﾜｷｵﾝﾅ
2114,うわきしょう
2115,ウワキショウ
2116,ｳﾜｷｼｮｳ
2117,うわきむすめ
2118,ウワキムスメ
2119,ｳﾜｷﾑｽﾒ
2120,うわきもの
2121,ウワキモノ
2122,ｳﾜｷﾓﾉ
2123,ウンエイ
2124,ｳﾝｴｲ
2125,うんえいしゃ
2126,ウンエイシャ
2127,ｳﾝｴｲｼｬ
2128,うんえいちーむ
2129,ウンエイチーム
2130,ｳﾝｴｲﾁｰﾑ
2131,うんこ
2132,ウンコ
2133,ｳﾝｺ
2134,うんこすわり
2135,ウンコスワリ
2136,ｳﾝｺｽﾜﾘ
2137,うんこずわり
2138,ウンコズワリ
2139,ｳﾝｺｽﾞﾜﾘ
2140,ウンコ座り
2141,ｳﾝｺ座り
2142,うんち
2143,ウンチ
2144,ｳﾝﾁ
2145,うんちゃん
2146,ウンチャン
2147,ｳﾝﾁｬﾝ
2148,ぇ□
2149,ェ□
2150,ｪ□
2151,え□
2152,エ□
2153,ｴ□
2154,えいぶいぎゃる
2155,エイブイギャル
2156,ｴｲﾌﾞｲｷﾞｬﾙ
2157,えいんせっかい
2158,エインセッカイ
2159,ｴｲﾝｾｯｶｲ
2160,えいんぶ
2161,エインブ
2162,ｴｲﾝﾌﾞ
2163,えーぶいぎゃる
2164,エーブイギャル
2165,ｴｰﾌﾞｲｷﾞｬﾙ
2166,えくすたしー
2167,エクスタシー
2168,ｴｸｽﾀｼｰ
2169,エスエム
2170,えすえむ
2171,ｴｽｴﾑ
2172,エスキモー
2173,えすきもー
2174,ｴｽｷﾓｰ
2175,えすとろげん
2176,エストロゲン
2177,ｴｽﾄﾛｹﾞﾝ
2178,えちごのこめつき
2179,エチゴノコメツキ
2180,ｴﾁｺﾞﾉｺﾒﾂｷ
2181,えっち
2182,エッチ
2183,ｴｯﾁ
2184,えっちげーむ
2185,エッチゲーム
2186,ｴｯﾁｹﾞｰﾑ
2187,えびぜめ
2188,エビゼメ
2189,ｴﾋﾞｾﾞﾒ
2190,えふぇどら
2191,エフェドラ
2192,ｴﾌｪﾄﾞﾗ
2193,エレクチオン
2194,えれくちおん
2195,ｴﾚｸﾁｵﾝ
2196,エレクト
2197,えれくと
2198,ｴﾚｸﾄ
2199,ぇろ
2200,ェロ
2201,ｪﾛ
2202,えろ
2203,エロ
2204,ｴﾛ
2205,エログロ
2206,えろぐろ
2207,ｴﾛｸﾞﾛ
2208,エロゲー
2209,えろげー
2210,ｴﾛｹﾞｰ
2211,エロゲーム
2212,えろげーむ
2213,ｴﾛｹﾞｰﾑ
2214,えろざっし
2215,エロザッシ
2216,ｴﾛｻﾞｯｼ
2217,エロス
2218,えろす
2219,ｴﾛｽ
2220,エロダクション
2221,えろだくしょん
2222,ｴﾛﾀﾞｸｼｮﾝ
2223,エロチカ
2224,えろちか
2225,ｴﾛﾁｶ
2226,エロチシズム
2227,えろちしずむ
2228,ｴﾛﾁｼｽﾞﾑ
2229,エロチズム
2230,えろちずむ
2231,ｴﾛﾁｽﾞﾑ
2232,エロチック
2233,えろちっく
2234,ｴﾛﾁｯｸ
2235,エロティシズム
2236,えろてぃしずむ
2237,ｴﾛﾃｨｼｽﾞﾑ
2238,エロティック
2239,えろてぃっく
2240,ｴﾛﾃｨｯｸ
2241,エロマンガ
2242,えろまんが
2243,ｴﾛﾏﾝｶﾞ
2244,エロ雑誌
2245,エロ漫画
2246,ｴﾛ雑誌
2247,ｴﾛ漫画
2248,えんげん
2249,エンゲン
2250,ｴﾝｹﾞﾝ
2251,えんこう
2252,エンコウ
2253,ｴﾝｺｳ
2254,えんじょこうさい
2255,エンジョコウサイ
2256,ｴﾝｼﾞｮｺｳｻｲ
2257,えんぷ
2258,エンプ
2259,ｴﾝﾌﾟ
2260,えんぷくか
2261,エンプクカ
2262,ｴﾝﾌﾟｸｶ
2263,えんぼん
2264,エンボン
2265,ｴﾝﾎﾞﾝ
2266,えんぶん
2267,エンブン
2268,ｴﾝﾌﾞﾝ
2269,ぇ口
2270,ェ口
2271,ｪ口
2272,え口
2273,エ口
2274,ｴ口
2275,おいはぎ
2276,オイハギ
2277,ｵｲﾊｷﾞ
2278,おいぼれ
2279,オイボレ
2280,ｵｲﾎﾞﾚ
2281,おいろけこうげき
2282,オイロケコウゲキ
2283,ｵｲﾛｹｺｳｹﾞｷ
2284,おうさつ
2285,オウサツ
2286,ｵｳｻﾂ
2287,おうむしんりきょう
2288,オウム真理教
2289,ｵｳﾑ真理教
2290,ｵｳﾑｼﾝﾘｷｮｳ
2291,オーガスム
2292,おーがすむ
2293,ｵｰｶﾞｽﾑ
2294,オーガズム
2295,おーがずむ
2296,ｵｰｶﾞｽﾞﾑ
2297,オーガスムス
2298,おーがすむす
2299,ｵｰｶﾞｽﾑｽ
2300,オーガニズム
2301,おーがにずむ
2302,ｵｰｶﾞﾆｽﾞﾑ
2303,オール・ヌード
2304,おーる・ぬーど
2305,ｵｰﾙ･ﾇｰﾄﾞ
2306,オールド・ミス
2307,おーるど・みす
2308,ｵｰﾙﾄﾞ･ﾐｽ
2309,おーるどみす
2310,オールドミス
2311,ｵｰﾙﾄﾞﾐｽ
2312,オールヌード
2313,おーるぬーど
2314,ｵｰﾙﾇｰﾄﾞ
2315,おかす
2316,オカス
2317,ｵｶｽ
2318,おきなかし
2319,オキナカシ
2320,ｵｷﾅｶｼ
2321,おぎのしき
2322,オギノシキ
2323,ｵｷﾞﾉｼｷ
2324,オギノ式
2325,ｵｷﾞﾉ式
2326,おさなづま
2327,オサナヅマ
2328,ｵｻﾅﾂﾞﾏ
2329,オサマビンラディン
2330,おさまびんらでぃん
2331,ｵｻﾏﾋﾞﾝﾗﾃﾞｨﾝ
2332,オシッコ
2333,ｵｼｯｺ
2334,おしっこ
2335,おじょく
2336,オジョク
2337,ｵｼﾞｮｸ
2338,おちうどぶらく
2339,オチウドブラク
2340,ｵｳﾁﾄﾞﾌﾞﾗｸ
2341,おちご
2342,オチゴ
2343,ｵﾁｺﾞ
2344,おちごさん
2345,オチゴサン
2346,ｵﾁｺﾞｻﾝ
2347,おちこぼれ
2348,オチコボレ
2349,ｵﾁｺﾎﾞﾚ
2350,おっぱい
2351,オッパイ
2352,ｵｯﾊﾟｲ
2353,おとこあさり
2354,オトコアサリ
2355,ｵﾄｺｱｻﾘ
2356,おとこごろし
2357,オトコゴロシ
2358,ｵﾄｺｺﾞﾛｼ
2359,おとこひでり
2360,オトコヒデリ
2361,ｵﾄｺﾋﾃﾞﾘ
2362,おとこべんじょ
2363,オトコベンジョ
2364,ｵﾄｺﾍﾞﾝｼﾞｮ
2365,おとしまえ
2366,オトシマエ
2367,ｵﾄｼﾏｴ
2368,おとなのおもちゃ
2369,オトナノオモチャ
2370,ｵﾄﾅﾉｵﾓﾁｬ
2371,おなごえ
2372,オナゴエ
2373,ｵﾅｺﾞｴ
2374,おなずき
2375,オナズキ
2376,ｵﾅｽﾞｷ
2377,おなに
2378,オナニ
2379,ｵﾅﾆ
2380,おなほーる
2381,おなほｰる
2382,オナホール
2383,ｵﾅﾎｰﾙ
2384,おなろう
2385,オナろう
2386,オナロウ
2387,ｵﾅろう
2388,ｵﾅﾛｳ
2389,おな画
2390,オナ画
2391,ｵﾅ画
2392,おな系
2393,オナ系
2394,ｵﾅ系
2395,おな好
2396,オナ好
2397,ｵﾅ好
2398,おな写
2399,オナ写
2400,ｵﾅ写
2401,おな声
2402,オナ声
2403,ｵﾅ声
2404,おな二
2405,オナ二
2406,ｵﾅ二
2407,おぶつ
2408,オブツ
2409,ｵﾌﾞﾂ
2410,おぼれしぬ
2411,オボレシヌ
2412,ｵﾎﾞﾚｼﾇ
2413,おまわり
2414,オマワリ
2415,ｵﾏﾜﾘ
2416,おわい
2417,オワイ
2418,ｵﾜｲ
2419,おわいや
2420,オワイヤ
2421,ｵﾜｲﾔ
2422,おわい屋
2423,オワイ屋
2424,ｵﾜｲ屋
2425,おんなあそび
2426,オンナアソビ
2427,ｵﾝﾅｱｿﾋﾞ
2428,おんなぐるい
2429,オンナグルイ
2430,ｵﾝﾅｸﾞﾙｲ
2431,おんなこども
2432,オンナコドモ
2433,ｵﾝﾅｺﾄﾞﾓ
2434,おんなごろし
2435,オンナゴロシ
2436,ｵﾝﾅｺﾞﾛｼ
2437,おんなずき
2438,オンナズキ
2439,ｵﾝﾅｽﾞｷ
2440,おんなずもう
2441,オンナズモウ
2442,ｵﾝﾅｽﾞﾓｳ
2443,おんなたらし
2444,オンナタラシ
2445,ｵﾝﾅﾀﾗｼ
2446,おんぼう
2447,オンボウ
2448,ｵﾝﾎﾞｳ
2449,お巡り
2450,お稚児
2451,お稚児さん
2452,かいしたい
2453,カイシタイ
2454,ｶｲｼﾀｲ
2455,がいじん
2456,ガイジン
2457,ｶﾞｲｼﾞﾝ
2458,がいせいき
2459,ガイセイキ
2460,ｶ゛ｲｾｲｷ
2461,かいちゅう
2462,カイチュウ
2463,ｶｲﾁｭｳ
2464,かいちゅうしょう
2465,カイチュウショウ
2466,ｶｲﾁｭｳｼｮｳ
2467,かいべん
2468,カイベン
2469,ｶｲﾍﾞﾝ
2470,かうぱー
2471,かうぱｰ
2472,カウパー
2473,ｶｳﾊﾟｰ
2474,かえるのこはかえる
2475,カエルノコハカエル
2476,ｶｴﾙﾉｺﾊｶｴﾙ
2477,かぎっこ
2478,カギッコ
2479,ｶｷﾞｯｺ
2480,かくせいざい
2481,カクセイザイ
2482,ｶｸｾｲｻﾞｲ
2483,かくちょういん
2484,カクチョウイン
2485,ｶｸﾁｮｳｲﾝ
2486,かくちょうだん
2487,カクチョウダン
2488,ｶｸﾁｮｳﾀﾞﾝ
2489,かくちょうだんちょう
2490,カクチョウダンチョウ
2491,ｶｸﾁｮｳﾀﾞﾝﾁｮｳ
2492,かさっかき
2493,カサッカキ
2494,ｶｻｯｶｷ
2495,かたあし
2496,カタアシ
2497,ｶﾀｱｼ
2498,かたおや
2499,カタオヤ
2500,ｶﾀｵﾔ
2501,ちんば
2502,チンバ
2503,ﾁﾝﾊﾞ
2504,かたちんば
2505,カタチンバ
2506,ｶﾀﾁﾝﾊﾞ
2507,かたておち
2508,カタテオチ
2509,ｶﾀﾃｵﾁ
2510,かたはい
2511,カタハイ
2512,ｶﾀﾊｲ
2513,かたはし
2514,カタハシ
2515,ｶﾀﾊｼ
2516,かたわ
2517,カタワ
2518,ｶﾀﾜ
2519,かたわもの
2520,カタワモノ
2521,ｶﾀﾜﾓﾉ
2522,がちゃめ
2523,がちゃ目
2524,ガチャ目
2525,ｶﾞﾁｬ目
2526,ガチャメ
2527,ｶﾞﾁｬﾒ
2528,かつぎや
2529,カツギヤ
2530,ｶﾂｷﾞﾔ
2531,カッペ
2532,かっぺ
2533,ｶｯﾍﾟ
2534,カニバリズム
2535,かにばりずむ
2536,ｶﾆﾊﾞﾘｽﾞﾑ
2537,かばね
2538,カバネ
2539,ｶﾊﾞﾈ
2540,がまんじる
2541,ガマンジル
2542,ｶﾞﾏﾝｼﾞﾙ
2543,がまんぢる
2544,ガマンヂル
2545,ｶﾞﾏﾝﾁﾞﾙ
2546,がまん汁
2547,ガマン汁
2548,ｶﾞﾏﾝ汁
2549,かりあたま
2550,カリアタマ
2551,ｶﾘｱﾀﾏ
2552,かり頭
2553,カリ頭
2554,ｶﾘ頭
2555,かわかぶり
2556,カワカブリ
2557,ｶﾜｶﾌﾞﾘ
2558,かわらこじき
2559,カワラコジキ
2560,ｶﾜﾗｺｼﾞｷ
2561,かんいん
2562,カンイン
2563,ｶﾝｲﾝ
2564,かんいんざい
2565,カンインザイ
2566,ｶﾝｲﾝｻﾞｲ
2567,がんじゃ
2568,ガンジャ
2569,ｶﾞﾝｼﾞｬ
2570,かんつうざい
2571,カンツウザイ
2572,かんのう
2573,カンノウ
2574,ｶﾝﾉｳ
2575,かんのうえいが
2576,カンノウエイガ
2577,ｶﾝﾉｳｴｲｶﾞ
2578,かんのうがぞう
2579,カンノウガゾウ
2580,ｶﾝﾉｳｶﾞｿﾞｳ
2581,かんのうしょうせつ
2582,カンノウショウセツ
2583,ｶﾝﾉｳｼｮｳｾﾂ
2584,がんめんきじょう
2585,ガンメンキジョウ
2586,ｶﾞﾝﾒﾝｷｼﾞｮｳ
2587,キ○ガイ
2588,キ●ガイ
2589,きえてくだ
2590,ｷｴﾃｸﾀﾞ
2591,きえてくだい
2592,キエテクダイ
2593,ｷｴﾃｸﾀﾞｲ
2594,きえてください
2595,キエテクダサイ
2596,ｷｴﾃｸﾀﾞｻｲ
2597,きくざ
2598,キクザ
2599,ｷｸｻﾞ
2600,きけいじ
2601,キケイジ
2602,ｷｹｲｼﾞ
2603,ぎじほうけい
2604,ギジホウケイ
2605,ｷﾞｼﾞﾎｳｹｲ
2606,キジルシ
2607,きじるし
2608,ｷｼﾞﾙｼ
2609,ｷﾁｶﾞｲ
2610,キチガイ
2611,きちがい
2612,気ちがい
2613,気チガイ
2614,気違い
2615,気ﾁｶﾞｲ
2616,ｷ違い
2617,キ違い
2618,き違い
2619,きっこうしばり
2620,キッコウシバリ
2621,ｷｯｺｳｼﾊﾞﾘ
2622,きとう
2623,キトウ
2624,ｷﾄｳ
2625,きとうぶ
2626,キトウブ
2627,ｷﾄｳﾌﾞ
2628,きょうき
2629,キョウキ
2630,ｷｮｳｷ
2631,きょうきのさた
2632,キョウキノサタ
2633,ｷｮｳｷﾉｻﾀ
2634,きょうじん
2635,キョウジン
2636,ｷｮｳｼﾞﾝ
2637,きょこん
2638,キョコン
2639,ｷｮｺﾝ
2640,ぎょしょく
2641,ギョショク
2642,ｷﾞｮｼｮｸ
2643,ぎょしょくか
2644,ギョショクカ
2645,ｷﾞｮｼｮｸｶ
2646,きょせい
2647,キョセイ
2648,ｷｮｾｲ
2649,きょにゅう
2650,キョニュウ
2651,ｷｮﾆｭｳ
2652,ｷﾚｼﾞ
2653,きれじ
2654,キレジ
2655,ｷﾚﾁﾞ
2656,きれぢ
2657,キレヂ
2658,きんしんかん
2659,キンシンカン
2660,ｷﾝｼﾝｶﾝ
2661,きんしんそうかん
2662,キンシンソウカン
2663,ｷﾝｼﾝｿｳｶﾝ
2664,きんたま
2665,キンタマ
2666,ｷﾝﾀﾏ
2667,キ印
2668,き印
2669,ｷ印
2670,クズ
2671,くず
2672,ｸｽﾞ
2673,くずや
2674,クズヤ
2675,ｸｽﾞﾔ
2676,くそったれ
2677,クソッタレ
2678,ｸｿｯﾀﾚ
2679,ぐどん
2680,グドン
2681,ｸﾞﾄﾞﾝ
2682,ぐはんしょうねん
2683,グハンショウネン
2684,ｸﾞﾊﾝｼｮｳﾈﾝ
2685,くびきり
2686,クビキリ
2687,ｸﾋﾞｷﾘ
2688,くみとりや
2689,クミトリヤ
2690,ｸﾐﾄﾘﾔ
2691,くるくるぱー
2692,クルクルパー
2693,ｸﾙｸﾙﾊﾟｰ
2694,くりとりす
2695,クリトリス
2696,ｸﾘﾄﾘｽ
2697,クリニングス
2698,くりにんぐす
2699,ｸﾘﾆﾝｸﾞｽ
2700,クロンボ
2701,くろんぼ
2702,ｸﾛﾝﾎﾞ
2703,くわえこむ
2704,クワエコム
2705,くわえ込む
2706,ｸﾜｴｺﾑ
2707,くんに
2708,クンニ
2709,ｸﾝﾆ
2710,クンニリングス
2711,くんにりんぐす
2712,ｸﾝﾆﾘﾝｸﾞｽ
2713,くん二
2714,クン二
2715,ｸﾝ二
2716,けいけつ
2717,ケイケツ
2718,ｹｲｹﾂ
2719,ゲイボーイ
2720,げいぼーい
2721,ｹﾞｲﾎﾞｰｲ
2722,ゲームマスター
2723,げーむますたー
2724,ｹﾞｰﾑﾏｽﾀｰ
2725,げじょ
2726,ゲジョ
2727,ｹﾞｼﾞｮ
2728,げっけい
2729,ゲッケイ
2730,ｹﾞｯｹｲ
2731,けとう
2732,ケトウ
2733,ｹﾄｳ
2734,げなん
2735,ゲナン
2736,ｹﾞﾅﾝ
2737,げばぼう
2738,ゲバボウ
2739,ｹﾞﾊﾞﾎﾞｳ
2740,ゲバルト
2741,げばると
2742,ｹﾞﾊﾞﾙﾄ
2743,ゲバ棒
2744,げば棒
2745,ｹﾞﾊﾞ棒
2746,げんちづま
2747,ゲンチヅマ
2748,ｹﾞﾝﾁﾂﾞﾏ
2749,ゲンナマ
2750,げんなま
2751,ｹﾞﾝﾅﾏ
2752,こうがん
2753,コウガン
2754,ｺｳｶﾞﾝ
2755,ごうかん
2756,ゴウカン
2757,ｺﾞｳｶﾝ
2758,こうごう
2759,ｺｳｺﾞｳ
2760,コウゴウ
2761,こうしょう
2762,コウショウ
2763,ｺｳｼｮｳ
2764,こうしょく
2765,コウショク
2766,ｺｳｼｮｸ
2767,こうしょくおんな
2768,コウショクオンナ
2769,ｺｳｼｮｸｵﾝﾅ
2770,こうしょくか
2771,コウショクカ
2772,ｺｳｼｮｸｶ
2773,こうしんじょ
2774,コウシンジョ
2775,ｺｳｼﾝｼﾞｮ
2776,こうぜんわいせつ
2777,コウゼンワイセツ
2778,ｺｳｾﾞﾝﾜｲｾﾂ
2779,こうないはっしゃ
2780,コウナイハッシャ
2781,ｺｳﾅｲﾊｯｼｬ
2782,こうび
2783,コウビ
2784,ｺｳﾋﾞ
2785,こうびき
2786,コウビキ
2787,ｺｳﾋﾞｷ
2788,ごうびょう
2789,ゴウビョウ
2790,ｺﾞｳﾋﾞｮｳ
2791,ごうほうどらっぐ
2792,ゴウホウドラッグ
2793,ｺﾞｳﾎｳﾄﾞﾗｯｸﾞ
2794,コウモウジン
2795,こうもうじん
2796,ｺｳﾓｳｼﾞﾝ
2797,こうもん
2798,コウモン
2799,ｺｳﾓﾝ
2800,コールガール
2801,こーるがーる
2802,ｺｰﾙｶﾞｰﾙ
2803,コカイン
2804,こかいん
2805,ｺｶｲﾝ
2806,ごばんぜめ
2807,ゴバンゼメ
2808,ｺﾞﾊﾞﾝｾﾞﾒ
2809,ごばん攻め
2810,ゴバン攻め
2811,ｺﾞﾊﾞﾝ攻め
2812,ｺﾞﾐﾔ
2813,ごみや
2814,ゴミヤ
2815,ゴミ屋
2816,ｺﾞﾐ屋
2817,ごみ屋
2818,ころし
2819,コロシ
2820,ｺﾛｼ
2821,ころす
2822,コロス
2823,ｺﾛｽ
2824,ころせ
2825,コロセ
2826,ｺﾛｾ
2827,ころそ
2828,コロソ
2829,ｺﾛｿ
2830,こんどーむ
2831,こんどｰむ
2832,コンドーム
2833,ｺﾝﾄﾞｰﾑ
2834,ザーメン
2835,ざーめん
2836,ｻﾞｰﾒﾝ
2837,ざいにち
2838,ザイニチ
2839,ｻﾞｲﾆﾁ
2840,ざいにっぽんだいかんみんこくみんだん
2841,ザイニッポンダイカンミンコクミンダン
2842,ｻﾞｲﾆｯﾎﾟﾝﾀﾞｲｶﾝﾐﾝｺｸﾐﾝﾀﾞﾝ
2843,さいいんざい
2844,サイインザイ
2845,ｻｲｲﾝｻﾞｲ
2846,さきばしりじる
2847,サキバシリジル
2848,ｻｷﾊﾞｼﾘｼﾞﾙ
2849,さきばしりぢる
2850,サキバシリヂル
2851,ｻｷﾊﾞｼﾘﾁﾞﾙ
2852,さけじ
2853,サケジ
2854,ｻｹｼﾞ
2855,さけぢ
2856,サケヂ
2857,ｻｹﾁﾞ
2858,さつじん
2859,サツジン
2860,ｻﾂｼﾞﾝ
2861,さつじんしゃ
2862,サツジンシャ
2863,ｻﾂｼﾞﾝｼｬ
2864,サラキン
2865,ｻﾗｷﾝ
2866,さらきん
2867,サラ金
2868,ｻﾗ金
2869,さら金
2870,サリン
2871,さりん
2872,ｻﾘﾝ
2873,さんかんせいばつ
2874,サンカンセイバツ
2875,ｻﾝｶﾝｾｲﾊﾞﾂ
2876,さんごくじん
2877,サンゴクジン
2878,ｻﾝｺｸｼﾞﾝ
2879,じいこうい
2880,ジイコウイ
2881,ｼﾞｲｺｳｲ
2882,しおふき
2883,シオフキ
2884,ｼｵﾌｷ
2885,しきじょうきょう
2886,シキジョウキョウ
2887,ｼｷｼﾞｮｳｷｮｳ
2888,しきもう
2889,シキモウ
2890,ｼｷﾓｳ
2891,しぎゃく
2892,シギャク
2893,ｼｷﾞｬｸ
2894,しぎゃくしょう
2895,シギャクショウ
2896,ｼｷﾞｬｸｼｮｳ
2897,しきよく
2898,シキヨク
2899,ｼｷﾖｸ
2900,しこお
2901,シコオ
2902,ｼｺｵ
2903,しこめ
2904,シコメ
2905,ｼｺﾒ
2906,じさつ
2907,ジサツ
2908,ｼﾞｻﾂ
2909,じさつがんぼう
2910,ジサツガンボウ
2911,ｼﾞｻﾂｶﾞﾝﾎﾞｳ
2912,じさつこうい
2913,ジサツコウイ
2914,ｼﾞｻﾂｺｳｲ
2915,じさつこうげき
2916,ジサツコウゲキ
2917,ｼﾞｻﾂｺｳｹﾞｷ
2918,じさつしゃ
2919,ジサツシャ
2920,ｼﾞｻﾂｼｬ
2921,じさつじょうこう
2922,ジサツジョウコウ
2923,ｼﾞｻﾂｼﾞｮｳｺｳ
2924,じさつほうじょ
2925,ジサツホウジョ
2926,ｼﾞｻﾂﾎｳｼﾞｮ
2927,じさつみすい
2928,ジサツミスイ
2929,ｼﾞｻﾂﾐｽｲ
2930,ししょうくつ
2931,シショウクツ
2932,ｼｼｮｳｸﾂ
2933,シスターボーイ
2934,しすたーぼーい
2935,ｼｽﾀｰﾎﾞｰｲ
2936,しずのお
2937,シズノオ
2938,ｼｽﾞﾉｵ
2939,しずのめ
2940,シズノメ
2941,ｼｽﾞﾉﾒ
2942,しずのや
2943,シズノヤ
2944,ｼｽﾞﾉﾔ
2945,したおび
2946,シタオビ
2947,ｼﾀｵﾋﾞ
2948,したのくち
2949,シタノクチ
2950,ｼﾀﾉｸﾁ
2951,したばき
2952,シタバキ
2953,ｼﾀﾊﾞｷ
2954,しっきん
2955,シッキン
2956,ｼｯｷﾝ
2957,しっくすないん
2958,シックスナイン
2959,ｼｯｸｽﾅｲﾝ
2960,じどうぎゃくたい
2961,ジドウギャクタイ
2962,ｼﾞﾄﾞｳｷﾞｬｸﾀｲ
2963,しなじへん
2964,シナジヘン
2965,ｼﾅｼﾞﾍﾝ
2966,しなじん
2967,シナジン
2968,ｼﾅｼﾞﾝ
2969,しなちく
2970,シナチク
2971,ｼﾅﾁｸ
2972,しなりょうり
2973,シナリョウリ
2974,ｼﾅﾘｮｳﾘ
2975,しねよでぶ
2976,シネヨデブ
2977,シねよデぶ
2978,ｼﾙﾖﾃﾞﾌﾞ
2979,じへい
2980,ジヘイ
2981,ｼﾞﾍｲ
2982,じへいしょう
2983,ジヘイショウ
2984,ｼﾞﾍｲｼｮｳ
2985,じへいしょうじ
2986,ジヘイショウジ
2987,ｼﾞﾍｲｼｮｳｼﾞ
2988,じまわり
2989,ジマワリ
2990,ｼﾞﾏﾜﾘ
2991,しもおとこ
2992,シモオトコ
2993,ｼﾓｵﾄｺ
2994,しもおんな
2995,シモオンナ
2996,ｼﾓｵﾝﾅ
2997,しもねた
2998,シモネタ
2999,ｼﾓﾈﾀ
3000,白っ子
3001,しらっこ
3002,シラッコ
3003,ｼﾗｯｺ
3004,じゃいん
3005,ジャイン
3006,ｼﾞｬｲﾝ
3007,しゃくふ
3008,シャクフ
3009,ｼｬｸﾌ
3010,しゃせい
3011,シャセイ
3012,ｼｬｾｲ
3013,ｼﾞｬｯﾌﾟ
3014,ジャップ
3015,じゃっぷ
3016,しゃぶ
3017,シャブ
3018,ｼｬﾌﾞ
3019,しゃぶちゅう
3020,シャブチュウ
3021,シャブ中
3022,ｼｬﾌﾞﾁｭｳ
3023,じゃよく
3024,ジャヨク
3025,ｼﾞｬﾖｸ
3026,しゅいん
3027,シュイン
3028,ｼｭｲﾝ
3029,じゅうかん
3030,ジュウカン
3031,ｼﾞｭｳｶﾝ
3032,じゅうさつ
3033,ジュウサツ
3034,ｼﾞｭｳｻﾂ
3035,じゅうさつけい
3036,ジュウサツケイ
3037,ｼﾞｭｳｻﾂｹｲ
3038,じゅうさつたい
3039,ジュウサツタイ
3040,ｼﾞｭｳｻﾂﾀｲ
3041,しゅうじょ
3042,シュウジョ
3043,ｼｭｳｼﾞｮ
3044,しゅうじん
3045,シュウジン
3046,ｼｭｳｼﾞﾝ
3047,しゅうだんh
3048,シュウダンh
3049,ｼｭｳﾀﾞﾝh
3050,しゅうだんｈ
3051,シュウダンｈ
3052,ｼｭｳﾀﾞﾝｈ
3053,しゅうだんえっち
3054,シュウダンエッチ
3055,ｼｭｳﾀﾞﾝｴｯﾁ
3056,じゅうよく
3057,ジュウヨク
3058,ｼﾞｭｳﾖｸ
3059,従軍
3060,慰安婦
3061,従軍慰安婦
3062,じゅうぐん
3063,ジュウグン
3064,じゅうぐんいあんふ
3065,じゅうぐんいあんぷ
3066,じゅうぐんいあんぶ
3067,ジュウグンイアンフ
3068,ジュウグンイアンプ
3069,ジュウグンイアンブ
3070,ｼﾞｭｳｸﾞﾝｳｱﾝﾌ
3071,ｼﾞｭｳｸﾞﾝｲｱﾝﾌﾟ
3072,ｼﾞｭｳｸﾞﾝｲｱﾝﾌﾞ
3073,しゅくべん
3074,シュクベン
3075,ｼｭｸﾍﾞﾝ
3076,じゅせい
3077,ジュセイ
3078,ｼﾞｭｾｲ
3079,じゅせいらん
3080,ジュセイラン
3081,ｼﾞｭｾｲﾗﾝ
3082,じゅたい
3083,ジュタイ
3084,ｼﾞﾕﾀｲ
3085,じゅたいき
3086,ジュタイキ
3087,ｼﾞｭﾀｲｷ
3088,じゅたいこくち
3089,ジュタイコクチ
3090,ｼﾞｭﾀｲｺｸﾁ
3091,じゅたいりつ
3092,ジュタイリツ
3093,ｼﾞｭﾀｲﾘﾂ
3094,じゅにゅう
3095,ジュニュウ
3096,ｼﾞｭﾆｭｳ
3097,じゅにゅうき
3098,ジュニュウキ
3099,ｼﾞｭﾆｭｳｷ
3100,しゅんが
3101,シュンガ
3102,ｼｭﾝｶﾞ
3103,じゅんけつ
3104,ジュンケツ
3105,ｼﾞｭﾝｹﾂ
3106,じゅんけつしゅ
3107,ジュンケツシュ
3108,ｼﾞｭﾝｹﾂｼｭ
3109,じゅんけつしゅぎ
3110,ジュンケツシュギ
3111,ｼﾞｭﾝｹﾂｼｭｷﾞ
3112,じゅんごうかん
3113,ジュンゴウカン
3114,ｼﾞｭﾝｺﾞｳｶﾝ
3115,しょうがい
3116,ショウガイ
3117,ｼｮｳｶﾞｲ
3118,しょうがいざい
3119,ショウガイザイ
3120,ｼｮｳｶﾞｲｻﾞｲ
3121,しょうがいしゃ
3122,ショウガイシャ
3123,ｼｮｳｶﾞｲｼｬ
3124,じょうこう
3125,ジョウコウ
3126,ｼﾞｮｳｺｳ
3127,じょうじ
3128,ジョウジ
3129,ｼﾞｮｳｼﾞ
3130,じょうだま
3131,ジョウダマ
3132,ｼﾞｮｳﾀﾞﾏ
3133,しょうねんあい
3134,ショウネンアイ
3135,ｼｮｳﾈﾝｱｲ
3136,しょうねんいん
3137,ショウネンイン
3138,ｼｮｳﾈﾝｲﾝ
3139,しょうねんはんざい
3140,ショウネンハンザイ
3141,ｼｮｳﾈﾝﾊﾝｻﾞｲ
3142,しょうばいおんな
3143,ショウバイオンナ
3144,ｼｮｳﾊﾞｲｵﾝﾅ
3145,しょうふ
3146,ショウフ
3147,ｼｮｳﾌ
3148,じょうふ
3149,ジョウフ
3150,ｼﾞｮｳﾌ
3151,しょうべん
3152,ショウベン
3153,ｼｮｳﾍﾞﾝ
3154,しょうべんこぞう
3155,ショウベンコゾウ
3156,ｼｮｳﾍﾞﾝｺｿﾞｳ
3157,じょうゆうふみひろ
3158,ジョウユウフミヒロ
3159,ｼﾞｮｳﾕｳﾌﾐﾋﾛ
3160,ショーツ・ガードル
3161,しょーつ・がーどる
3162,ｼｮｰﾂ・ｶﾞｰﾄﾞﾙ
3163,ショーツ・ライン
3164,しょーつ・らいん
3165,ｼｮｰﾂ･ﾗｲﾝ
3166,しょくこう
3167,ショクコウ
3168,ｼｮｸｺｳ
3169,しょくぶつにんげん
3170,ショクブツニンゲン
3171,ｼｮｸﾌﾞﾂﾆﾝｹﾞﾝ
3172,しょけい
3173,ショケイ
3174,ｼｮｹｲ
3175,しょじょ
3176,ショジョ
3177,ｼｮｼﾞｮ
3178,じょしょく
3179,ジョショク
3180,ｼﾞｮｼｮｸ
3181,しょじょさく
3182,ショジョサク
3183,ｼｮｼﾞｮｻｸ
3184,しょじょほう
3185,ショジョホウ
3186,ｼｮｼﾞｮﾎｳ
3187,しょじょまく
3188,ショジョマク
3189,ｼｮｼﾞｮﾏｸ
3190,じょせいき
3191,ジョセイキ
3192,ｼﾞｮｾｲｷ
3193,じょせいじょうい
3194,ジョセイジョウイ
3195,ｼﾞｮｾｲｼﾞｮｳｲ
3196,じょせいせいきりょうじょく
3197,ジョセイセイキリョウジョク
3198,ｼﾞｮｾｲｾｲｷﾘｮｳｼﾞｮｸ
3199,じょせいべっし
3200,ジョセイベッシ
3201,ｼﾞｮｾｲﾍﾞｯｼ
3202,じょせいへんれき
3203,ジョセイヘンレキ
3204,ｼﾞｮｾｲﾍﾝﾚｷ
3205,じょせいれき
3206,ジョセイレキ
3207,ｼﾞｮｾｲﾚｷ
3208,じょそうしゅみ
3209,ジョソウシュミ
3210,ｼﾞｮｿｳｼｭﾐ
3211,じょそうへき
3212,ジョソウヘキ
3213,ｼﾞｮｿｳﾍｷ
3214,じょそうまにあ
3215,ジョソウマニア
3216,ｼﾞｮｿｳﾏﾆｱ
3217,じょちゅう
3218,ジョチュウ
3219,ｼﾞｮﾁｭｳ
3220,しょちょう
3221,ショチョウ
3222,ｼｮﾁｮｳ
3223,しょちょうき
3224,ショチョウキ
3225,ｼｮﾁｮｳｷ
3226,しょっこう
3227,ショッコウ
3228,ｼｮｯｺｳ
3229,しょや
3230,ショヤ
3231,ｼｮﾔ
3232,しょやけん
3233,ショヤケン
3234,ｼｮﾔｹﾝ
3235,じょろう
3236,ジョロウ
3237,ｼﾞｮﾛｳ
3238,じょろうや
3239,ジョロウヤ
3240,ｼﾞｮﾛｳﾔ
3241,しょんべん
3242,ションベン
3243,ｼｮﾝﾍﾞﾝ
3244,しょんべんこぞう
3245,ションベンコゾウ
3246,ｼｮﾝﾍﾞﾝｺｿﾞｳ
3247,しょんべんたれ
3248,ションベンタレ
3249,しょんべん垂れ
3250,ｼｮﾝﾍﾞﾝﾀﾚ
3251,しらびょうし
3252,シラビョウシ
3253,ｼﾗﾋﾞｮｳｼ
3254,しりがる
3255,シリガル
3256,ｼﾘｶﾞﾙ
3257,しりがるおんな
3258,シリガルオンナ
3259,ｼﾘｶﾞﾙｵﾝﾅ
3260,しりぬぐい
3261,シリヌグイ
3262,ｼﾘﾇｸﾞｲ
3263,じんこうこうもん
3264,ジンコウコウモン
3265,ｼﾞﾝｺｳｺｳﾓﾝ
3266,じんこうしきゅう
3267,ジンコウシキュウ
3268,ｼﾞﾝｺｳｼｷｭｳ
3269,じんこうじゅせい
3270,ジンコウジュセイ
3271,ｼﾞﾝｺｳｼﾞｭｾｲ
3272,じんこうぞうき
3273,ジンコウゾウキ
3274,ｼﾞﾝｺｳｿﾞｳｷ
3275,しんしょうじ
3276,シンショウジ
3277,ｼﾝｼｮｳｼﾞ
3278,しんしょうしゃ
3279,シンショウシャ
3280,ｼﾝｼｮｳｼｬ
3281,しんせいほうけい
3282,シンセイホウケイ
3283,ｼﾝｾｲﾎｳｹｲ
3284,じんたいかいぼう
3285,ジンタイカイボウ
3286,ｼﾞﾝﾀｲｶｲﾎﾞｳ
3287,しんたいけい
3288,シンタイケイ
3289,ｼﾝﾀｲｹｲ
3290,じんたいじっけん
3291,ジンタイジッケン
3292,ｼﾞﾝﾀｲｼﾞｯｹﾝ
3293,じんぷん
3294,ジンプン
3295,ｼﾞﾝﾌﾟﾝ
3296,しんへいみん
3297,シンヘイミン
3298,ｼﾝﾍｲﾐﾝ
3299,すいしたい
3300,スイシタイ
3301,ｽｲｼﾀｲ
3302,すいしにん
3303,スイシニン
3304,ｽｲｼﾆﾝ
3305,すいじゃくし
3306,スイジャクシ
3307,ｽｲｼﾞｬｸｼ
3308,すかと□
3309,スカト□
3310,ｽｶﾄ□
3311,すかとろ
3312,スカトロ
3313,ｽｶﾄﾛ
3314,すかと口
3315,スカト口
3316,ｽｶﾄ口
3317,すきもの
3318,スキモノ
3319,ｽｷﾓﾉ
3320,すきゃんてぃ
3321,スキャンティ
3322,ｽｷｬﾝﾃｨ
3323,スキャンティー
3324,すきゃんてぃー
3325,ｽｷｬﾝﾃｨｰ
3326,すけこまし
3327,スケコマシ
3328,スケこまし
3329,ｽｹｺﾏｼ
3330,すけべ
3331,スケベ
3332,ｽｹﾍﾞ
3333,すけべい
3334,スケベイ
3335,ｽｹﾍﾞｲ
3336,すけべいす
3337,スケベイス
3338,スケベ椅子
3339,ｽｹﾍﾞｲｽ
3340,すっぱだか
3341,スッパダカ
3342,ｽｯﾊﾟﾀﾞｶ
3343,すてご
3344,ステゴ
3345,ｽﾃｺﾞ
3346,すとのこういしょう
3347,ストノコウイショウ
3348,ストの後遺症
3349,ｽﾄﾉｺｳｲｼｮｳ
3350,ストリーキング
3351,すとりーきんぐ
3352,ｽﾄﾘｰｷﾝｸﾞ
3353,ストリートガール
3354,すとりーとがーる
3355,ｽﾄﾘｰﾄｶﾞｰﾙ
3356,すねかじり
3357,スネカジリ
3358,ｽﾈｶｼﾞﾘ
3359,すはだか
3360,スハダカ
3361,ｽﾊﾀﾞｶ
3362,スパンキング
3363,すぱんきんぐ
3364,ｽﾊﾟﾝｷﾝｸﾞ
3365,ｽﾍﾟﾙﾏ
3366,スペルマ
3367,すぺるま
3368,スラム
3369,すらむ
3370,ｽﾗﾑ
3371,スリー・サイズ
3372,すりー・さいず
3373,ｽﾘｰ･ｻｲｽﾞ
3374,スリーサイズ
3375,すりーさいず
3376,ｽﾘｰｻｲｽﾞ
3377,ずるやすみ
3378,ズルヤスミ
3379,ｽﾞﾙﾔｽﾐ
3380,ズロース
3381,ずろーす
3382,ｽﾞﾛｰｽ
3383,ズローズ
3384,ずろーず
3385,ｽﾞﾛｰｽﾞ
3386,せいいしき
3387,セイイシキ
3388,ｾｲｲｼｷ
3389,せいえき
3390,セイエキ
3391,ｾｲｴｷ
3392,せいかんたい
3393,セイカンタイ
3394,ｾｲｶﾝﾀｲ
3395,せいきせっぷん
3396,セイキセップン
3397,ｾｲｷｾｯﾌﾟﾝ
3398,せいきょういく
3399,セイキョウイク
3400,ｾｲｷｮｳｲｸ
3401,せいこうどう
3402,セイコウドウ
3403,ｾｲｺｳﾄﾞｳ
3404,せいこうふりょう
3405,セイコウフリョウ
3406,ｾｲｺｳﾌﾘｮｳ
3407,せいし
3408,セイシ
3409,ｾｲｼ
3410,せいしうんどう
3411,セイシウンドウ
3412,ｾｲｼｳﾝﾄﾞｳ
3413,せいしょうどう
3414,セイショウドウ
3415,ｾｲｼｮｳﾄﾞｳ
3416,せいしょく
3417,セイショク
3418,ｾｲｼｮｸ
3419,せいしんいじょう
3420,セイシンイジョウ
3421,ｾｲｼﾝｲｼﾞｮｳ
3422,せいしんびょう
3423,セイシンビョウ
3424,ｾｲｼﾝﾋﾞｮｳ
3425,せいしんびょうり
3426,セイシンビョウリ
3427,ｾｲｼﾝﾋﾞｮｳﾘ
3428,せいしんぶんれつしょう
3429,セイシンブンレツショウ
3430,ｾｲｼﾝﾌﾞﾝﾚﾂｼｮｳ
3431,せいせいかつ
3432,セイセイカツ
3433,ｾｲｾｲｶﾂ
3434,せいせいじゅく
3435,セイセイジュク
3436,ｾｲｾｲｼﾞｭｸ
3437,せいそうじゅく
3438,セイソウジュク
3439,ｾｲｿｳｼﾞｭｸ
3440,せいちしき
3441,セイチシキ
3442,ｾｲﾁｼｷ
3443,せいつう
3444,セイツウ
3445,ｾｲﾂｳ
3446,せいてんかん
3447,セイテンカン
3448,ｾｲﾃﾝｶﾝ
3449,せいとうさく
3450,セイトウサク
3451,ｾｲﾄｳｻｸ
3452,せいはく
3453,セイハク
3454,ｾｲﾊｸ
3455,せいはくじ
3456,セイハクジ
3457,ｾｲﾊｸｼﾞ
3458,せいふうぞく
3459,セイフウゾク
3460,ｾｲﾌｳｿﾞｸ
3461,せいへき
3462,セイヘキ
3463,ｾｲﾍｷ
3464,せいよく
3465,セイヨク
3466,ｾｲﾖｸ
3467,せいり
3468,セイリ
3469,ｾｲﾘ
3470,せいりび
3471,セイリビ
3472,ｾｲﾘﾋﾞ
3473,せいりようひん
3474,セイリヨウヒン
3475,ｾｲﾘﾖｳﾋﾝ
3476,せいりょくざい
3477,セイリョクザイ
3478,ｾｲﾘｮｸｻﾞｲ
3479,せくふれ
3480,セクフレ
3481,ｾｸﾌﾚ
3482,ぜげん
3483,ゼゲン
3484,ｾﾞｹﾞﾝ
3485,せっきゃくふ
3486,セッキャクフ
3487,ｾｯｷｬｸﾌ
3488,せっくす
3489,セックス
3490,ｾｯｸｽ
3491,せっくすふれんど
3492,セックスフレンド
3493,ｾｯｸｽﾌﾚﾝﾄﾞ
3494,ぜつりん
3495,ゼツリン
3496,ｾﾞﾂﾘﾝ
3497,せふれ
3498,セフレ
3499,ｾﾌﾚ
3500,せぶんすへぶん
3501,セブンスヘブン
3502,ｾﾌﾞﾝｽﾍﾌﾞﾝ
3503,ｾﾐﾇｰﾄﾞ
3504,せみぬーど
3505,セミヌード
3506,セミ・ヌード
3507,せみ・ぬーど
3508,ｾﾐ･ﾇｰﾄﾞ
3509,せむし
3510,セムシ
3511,ｾﾑｼ
3512,せめぐ
3513,セメグ
3514,ｾﾒｸﾞ
3515,ぜんかもの
3516,ゼンカモノ
3517,ｾﾞﾝｶﾓﾉ
3518,せんじん
3519,センジン
3520,ｾﾝｼﾞﾝ
3521,せんすいふ
3522,センスイフ
3523,ｾﾝｽｲﾌ
3524,せんずり
3525,センズリ
3526,ｾﾝｽﾞﾘ
3527,せんたくおんな
3528,センタクオンナ
3529,ｾﾝﾀｸｵﾝﾅ
3530,ぜんもう
3531,ゼンモウ
3532,ｾﾞﾝﾓｳ
3533,ぜんりつせん
3534,ゼンリツセン
3535,ｾﾞﾝﾘﾂｾﾝ
3536,せんろこうふ
3537,センロコウフ
3538,ｾﾝﾛｺｳﾌ
3539,そあく
3540,ソアク
3541,ｿｱｸ
3542,そあくひん
3543,ソアクヒン
3544,ｿｱｸﾋﾝ
3545,そうかいあらし
3546,ソウカイアラシ
3547,ｿｳｶｲｱﾗｼ
3548,そうじふ
3549,ソウジフ
3550,ｿｳｼﾞﾌ
3551,そうじゅく
3552,ソウジュク
3553,ｿｳｼﾞｭｸ
3554,そうじゅくせい
3555,ソウジュクセイ
3556,ｿｳｼﾞｭｸｾｲ
3557,そうじゅくむすめ
3558,ソウジュクムスメ
3559,ｿｳｼﾞｭｸﾑｽﾒ
3560,そうぞうにんしん
3561,ソウゾウニンシン
3562,ｿｳｿﾞｳﾆﾝｼﾝ
3563,そうにゅう
3564,ソウニュウ
3565,ｿｳﾆｭｳ
3566,そうろう
3567,ソウロウ
3568,ｿｳﾛｳ
3569,そえぢ
3570,ソエヂ
3571,ｿｴﾁﾞ
3572,そーぷじょう
3573,ソープジョウ
3574,ｿｰﾌﾟｼﾞｮｳ
3575,そーぷらんど
3576,そｰぷらんど
3577,ソープランド
3578,ｿｰﾌﾟﾗﾝﾄﾞ
3579,ソープ嬢
3580,ｿｰﾌﾟ嬢
3581,そくしょう
3582,ソクショウ
3583,ｿｸｼｮｳ
3584,そけい
3585,ソケイ
3586,ｿｹｲ
3587,そけいぶ
3588,ソケイブ
3589,ｿｹｲﾌﾞ
3590,そこうふりょう
3591,ソコウフリョウ
3592,ｿｺｳﾌﾘｮｳ
3593,そしきはんざい
3594,ソシキハンザイ
3595,ｿｼｷﾊﾝｻﾞｲ
3596,そばめ
3597,ソバメ
3598,ｿﾊﾞﾒ
3599,だいいんしん
3600,ダイインシン
3601,ﾀﾞｲｲﾝｼﾝ
3602,たいがいじゅせい
3603,タイガイジュセイ
3604,ﾀｲﾞｲｼﾞｭｾｲ
3605,だいこんあし
3606,ダイコンアシ
3607,ﾀﾞｲｺﾝｱｼ
3608,だいさんごく
3609,ダイサンゴク
3610,ﾀﾞｲｻﾝｺﾞｸ
3611,だいとうあせんそう
3612,ダイトウアセンソウ
3613,ﾀﾞｲﾄｳｱｾﾝｿｳ
3614,たいべん
3615,タイベン
3616,ﾀｲﾍﾞﾝ
3617,だいべん
3618,ダイベン
3619,ﾀﾞｲﾍﾞﾝ
3620,たいわんはげ
3621,タイワンハゲ
3622,ﾀｲﾜﾝﾊｹﾞ
3623,タケノコ医者
3624,たけのこ医者
3625,ﾀｹﾉｺ医者
3626,たこべや
3627,タコベヤ
3628,ﾀｺﾍﾞﾔ
3629,たじょう
3630,タジョウ
3631,ﾀｼﾞｮｳ
3632,ﾀﾞｯﾁﾏﾝ
3633,ダッチマン
3634,だっちまん
3635,だっちわいふ
3636,ダッチワイフ
3637,ﾀﾞｯﾁﾜｲﾌ
3638,タリバン
3639,たりばん
3640,ﾀﾘﾊﾞﾝ
3641,だんこん
3642,ダンコン
3643,ﾀﾞﾝｺﾝ
3644,だんこんき
3645,ダンコンキ
3646,ﾀﾞﾝｺﾝｷ
3647,だんこんすうはい
3648,ダンコンスウハイ
3649,ﾀﾞﾝｺﾝｽｳﾊｲ
3650,だんこんせんぼう
3651,ダンコンセンボウ
3652,ﾀﾞﾝｺﾝｾﾝﾎﾞｳ
3653,だんしょく
3654,ダンショク
3655,ﾀﾞﾝｼｮｸ
3656,だんせいき
3657,ダンセイキ
3658,ﾀﾞﾝｾｲｷ
3659,ちえおくれ
3660,チエオクレ
3661,ﾁｴｵｸﾚ
3662,ちかてつさりん
3663,チカテツサリン
3664,ﾁｶﾃﾂｻﾘﾝ
3665,ちかめ
3666,チカメ
3667,ﾁｶﾒ
3668,ちかん
3669,チカン
3670,ﾁｶﾝ
3671,ちくび
3672,チクビ
3673,ﾁｸﾋﾞ
3674,ちじょく
3675,チジョク
3676,ﾁｼﾞｮｸ
3677,ちすじ
3678,チスジ
3679,ﾁｽｼﾞ
3680,チビ
3681,ちび
3682,ﾁﾋﾞ
3683,ちゃH
3684,ちゃｈ
3685,チャH
3686,チャＨ
3687,ﾁｬH
3688,ﾁｬｈ
3689,ちゃえっち
3690,チャエッチ
3691,ﾁｬｴｯﾁ
3692,チャンコロ
3693,ちゃんころ
3694,ﾁｬﾝｺﾛ
3695,ちゅうにちせんそう
3696,チュウニチセンソウ
3697,ﾁｭｳﾆﾁｾﾝｿｳ
3698,ちょうせんじへん
3699,チョウセンジヘン
3700,ﾁｮｳｾﾝｼﾞﾍﾝ
3701,ちょうせんせいばつ
3702,チョウセンセイバツ
3703,ﾁｮｳｾﾝｾｲﾊﾞﾂ
3704,ちょうせんどうらん
3705,チョウセンドウラン
3706,ﾁｮｳｾﾝﾄﾞｳﾗﾝ
3707,ちょん
3708,チョン
3709,ﾁｮﾝ
3710,ちろう
3711,チロウ
3712,ﾁﾛｳ
3713,ちんげ
3714,チンゲ
3715,ﾁﾝｹﾞ
3716,ちんこ
3717,ﾁﾝｺ
3718,ちんコ
3719,チンコ
3720,ちんちん
3721,チンチン
3722,ﾁﾝﾁﾝ
3723,ﾁﾝﾎﾟ
3724,チンポ
3725,ちんぽ
3726,つれご
3727,ツレゴ
3728,ﾂﾚｺﾞ
3729,つんぼ
3730,ツンボ
3731,ﾂﾝﾎﾞ
3732,つんぼさじき
3733,ツンボサジキ
3734,ﾂﾝﾎﾞｻｼﾞｷ
3735,ディック
3736,でぃっく
3737,ﾃﾞｨｯｸ
3738,でぃーぷすろーと
3739,でぃｰぷすろｰと
3740,ディープスロート
3741,ﾃﾞｨｰﾌﾟｽﾛｰﾄ
3742,ていかいはつこく
3743,テイカハツコク
3744,ﾃｲｶｲﾊﾂｺｸ
3745,ていのう
3746,テイノウ
3747,ﾃｲﾉｳ
3748,ていのうじ
3749,テイノウジ
3750,ﾃｲﾉｳｼﾞ
3751,でかせぎ
3752,デカセギ
3753,ﾃﾞｶｾｷﾞ
3754,でっち
3755,デッチ
3756,ﾃﾞｯﾁ
3757,てまん
3758,テマン
3759,ﾃﾏﾝ
3760,でもどり
3761,デモドリ
3762,ﾃﾞﾓﾄﾞﾘ
3763,てるH
3764,てるｈ
3765,テルH
3766,テルＨ
3767,ﾃﾙH
3768,ﾃﾙｈ
3769,てるえっち
3770,テルエッチ
3771,ﾃﾙｴｯﾁ
3772,てれH
3773,てれｈ
3774,テレH
3775,テレＨ
3776,ﾃﾚH
3777,ﾃﾚｈ
3778,てれえっち
3779,テレエッチ
3780,ﾃﾚｴｯﾁ
3781,テロ
3782,てろ
3783,ﾃﾛ
3784,てろそしき
3785,テロソシキ
3786,ﾃﾛｿｼｷ
3787,テロリスト
3788,てろりすと
3789,ﾃﾛﾘｽﾄ
3790,てろりずむ
3791,テロリズム
3792,ﾃﾛﾘｽﾞﾑ
3793,てろる
3794,テロル
3795,ﾃﾛﾙ
3796,テロ組織
3797,でんどうこけし
3798,デンドウコケシ
3799,ﾃﾞﾝﾄﾞｳｺｹｼ
3800,てんぼう
3801,テンボウ
3802,ﾃﾝﾎﾞｳ
3803,どもり
3804,ドモリ
3805,ﾄﾞﾓﾘ
3806,どうてい
3807,ドウテイ
3808,ﾄﾞｳﾃｲ
3809,どかた
3810,ドカタ
3811,ﾄﾞｶﾀ
3812,トクシュガキュウ
3813,とくしゅがっきゅう
3814,ﾄｸｼｭｶﾞｯｷｭｳ
3815,とくしゅがっこう
3816,トクシュガッコウ
3817,ﾄｸｼｭｶﾞｯｺｳ
3818,とくしゅぶらく
3819,トクシュブラク
3820,ﾄｸｼｭﾌﾞﾗｸ
3821,とくていあじあ
3822,トクテイアジア
3823,ﾄｸﾃｲｱｼﾞｱ
3824,どこう
3825,ドコウ
3826,ﾄﾞｺｳ
3827,どざえもん
3828,ドザエモン
3829,ﾄﾞｻﾞｴﾓﾝ
3830,とさつ
3831,トサツ
3832,ﾄｻﾂ
3833,とさつじょう
3834,トサツジョウ
3835,ﾄｻﾂｼﾞｮｳ
3836,とさつにん
3837,トサツニン
3838,ﾄｻﾂﾆﾝ
3839,どさまわり
3840,ドサマワリ
3841,どさ回り
3842,ﾄﾞｻﾏﾜﾘ
3843,どじん
3844,ドジン
3845,ﾄﾞｼﾞﾝ
3846,どもり
3847,ドモリ
3848,ﾄﾞﾓﾘ
3849,どやがい
3850,ドヤガイ
3851,どや街
3852,ドヤ街
3853,ﾄﾞﾔｶﾞｲ
3854,とりしまり
3855,トリシマリ
3856,ﾄﾘｼﾏﾘ
3857,ﾄﾙｺｼﾞｮｳ
3858,とるこじょう
3859,トルコジョウ
3860,とるこぶろ
3861,トルコブロ
3862,トルコ嬢
3863,とるこ風呂
3864,トルコ風呂
3865,ﾄﾙｺ風呂
3866,ﾄﾙｺﾌﾞﾛ
3867,どれい
3868,ドレイ
3869,ﾄﾞﾚｲ
3870,ﾄﾞﾝﾋﾞｬｸｼｮｳ
3871,どんびゃくしょう
3872,ドンビャクショウ
3873,どん百姓
3874,ﾅｵﾝ
3875,ナオン
3876,なおん
3877,なかだし
3878,ナカダシ
3879,ﾅｶﾀﾞｼ
3880,ﾅﾁｽ
3881,ナチス
3882,なちす
3883,ナチスドイツ
3884,なちすどいつ
3885,ﾅﾁｽﾄﾞｲﾂ
3886,にこよん
3887,ニコヨン
3888,ﾆｺﾖﾝ
3889,ﾆｶﾞｰ
3890,ニガー
3891,にがー
3892,ﾆｸﾞﾛ
3893,ニグロ
3894,にぐろ
3895,にっかじへん
3896,ニッカジヘン
3897,ﾆｯｶｼﾞﾍﾝ
3898,にっかせんそう
3899,ニッカセンソウ
3900,ﾆｯｶｾﾝｿｳ
3901,にゅうりん
3902,ニュウリン
3903,ﾆｭｳﾘﾝ
3904,にょしょく
3905,ニョショク
3906,ﾆｮｼｮｸ
3907,にんそく
3908,ニンソク
3909,ﾆﾝｿｸ
3910,にんぴにん
3911,ニンピニン
3912,ﾆﾝﾋﾟﾆﾝ
3913,にんぷ
3914,ニンプ
3915,ﾆﾝﾌﾟ
3916,ぬーど
3917,ヌード
3918,ﾇｰﾄﾞ
3919,ネット右翼
3920,ねっとうよく
3921,ネット・ウヨク
3922,ﾈｯﾄｳﾖｸ
3923,ネットアサヒ
3924,ねっとあさひ
3925,ﾈｯﾄｱｻﾋ
3926,ネットキムチ
3927,ねっときむち
3928,ﾈｯﾄｷﾑﾁ
3929,ネットルーピー
3930,ねっとるーぴー
3931,ﾈｯﾄﾙｰﾋﾟｰ
3932,ネトルピ
3933,ねとるぴ
3934,ﾈﾄﾙﾋﾟ
3935,ネトサヨ
3936,ねとさよ
3937,ﾈﾄｻﾖ
3938,ねこばば
3939,ネコババ
3940,ﾈｺﾊﾞﾊﾞ
3941,ねたきりろうじん
3942,ネタキリロウジン
3943,ﾈﾀｷﾘﾛｳｼﾞﾝ
3944,のうまくえん
3945,ノウマクエン
3946,ﾉｳﾏｸｴﾝ
3947,ぱーまや
3948,パーマヤ
3949,パーマ屋
3950,ﾊﾟｰﾏﾔ
3951,ばいあぐら
3952,バイアグラ
3953,ﾊﾞｲｱｸﾞﾗ
3954,ばいしゅん
3955,バイシュン
3956,ﾊﾞｲｼｭﾝ
3957,ぱいぱん
3958,パイパン
3959,ﾊﾟｲﾊﾟﾝ
3960,ばか
3961,バカ
3962,ﾊﾞｶ
3963,ばかちょん
3964,バカチョン
3965,ﾊﾞｶﾁｮﾝ
3966,ばかちょんかめら
3967,バカチョンカメラ
3968,ﾊﾞｶﾁｮﾝｶﾒﾗ
3969,ばかでもちょんでも
3970,バカデモチョンデモ
3971,ﾊﾞｶﾃﾞﾓﾁｮﾝﾃﾞﾓ
3972,はくたいげ
3973,ハクタイゲ
3974,ﾊｸﾀｲｹﾞ
3975,はくち
3976,ハクチ
3977,ﾊｸﾁ
3978,ばくにゅう
3979,バクニュウ
3980,ﾊﾞｸﾆｭｳ
3981,ぱくる
3982,パクル
3983,パクる
3984,ﾊﾟｸﾙ
3985,ばたや
3986,バタヤ
3987,バタ屋
3988,ﾊﾞﾀﾔ
3989,はっきょうする
3990,ハッキョウスル
3991,ﾊｯｷｮｳｽﾙ
3992,はなったれ
3993,ハナッタレ
3994,ﾊﾅｯﾀﾚ
3995,はぷにんぐば
3996,ハプニングバ
3997,ﾊﾌﾟﾆﾝｸﾞﾊﾞ
3998,ハプニングバー
3999,はぷにんぐばー
4000,ﾊﾌﾟﾆﾝｸﾞﾊﾞｰ
4001,ぱんすけ
4002,パンスケ
4003,ﾊﾟﾝｽｹ
4004,はんとうじん
4005,ハントウジン
4006,ﾊﾝﾄｳｼﾞﾝ
4007,パン助
4008,はんせん病
4009,ハンセン病
4010,ﾊﾝｾﾝ病
4011,ﾋｯﾄﾗｰ
4012,ひっとらー
4013,ヒットラー
4014,ひとよづま
4015,ヒトヨヅマ
4016,ﾋﾄﾖﾂﾞﾏ
4017,ﾋﾄﾗｰ
4018,ヒトラー
4019,ひとらー
4020,びにゅう
4021,ビニュウ
4022,ﾋﾞﾆｭｳ
4023,ヒニン
4024,ひにん
4025,ﾋﾆﾝ
4026,ひめおさめ
4027,ヒメオサメ
4028,ﾋﾒｵｻﾒ
4029,ひめはじめ
4030,ヒメハジメ
4031,ﾋﾒﾊｼﾞﾒ
4032,びやく
4033,ビヤク
4034,ﾋﾞﾔｸ
4035,ひやとい
4036,ヒヤトイ
4037,ﾋﾔﾄｲ
4038,ひやめし
4039,ヒヤメシ
4040,ﾋﾔﾒｼ
4041,ひろぽん
4042,ヒロポン
4043,ﾋﾛﾎﾟﾝ
4044,ひわい
4045,ヒワイ
4046,ﾋﾜｲ
4047,ぴんくさろん
4048,ピンクサロン
4049,ﾋﾟﾝｸｻﾛﾝ
4050,ぴんくろーた
4051,ぴんくろｰた
4052,ピンクロータ
4053,ﾋﾟﾝｸﾛｰﾀ
4054,ピンクローター
4055,ぴんくろーたー
4056,ﾋﾟﾝｸﾛｰﾀｰ
4057,ぴんさろ
4058,ピンサロ
4059,ﾋﾟﾝｻﾛ
4060,ひんにゅう
4061,ヒンニュウ
4062,ﾋﾝﾆｭｳ
4063,ひんのう
4064,ヒンノウ
4065,ﾋﾝﾉｳ
4066,びんらでぃん
4067,ビンラディン
4068,ﾋﾞﾝﾗﾃﾞｨﾝ
4069,ふぁっく
4070,ファック
4071,ﾌｧｯｸ
4072,ふうぞく
4073,フウゾク
4074,ﾌｳｿﾞｸ
4075,ふぇち
4076,フェチ
4077,ﾌｪﾁ
4078,ふぇら
4079,フェラ
4080,ﾌｪﾗ
4081,フェラチオ
4082,ふぇらちお
4083,ﾌｪﾗﾁｵ
4084,ふぉくしー
4085,フォクシー
4086,ﾌｫｸｼｰ
4087,ブサヨク
4088,ぶさよく
4089,ﾌﾞｻﾖｸ
4090,ふじのやまい
4091,フジノヤマイ
4092,ﾌｼﾞﾉﾔﾏｲ
4093,ブス
4094,ぶす
4095,ﾌﾞｽ
4096,ぶたばこ
4097,ブタバコ
4098,ブタ箱
4099,ﾌﾞﾀﾊﾞｺ
4100,ふちのやまい
4101,フチノヤマイ
4102,ﾌﾁﾉﾔﾏｲ
4103,ぶてぃっくほてる
4104,ブティックホテル
4105,ﾌﾞﾃｨｯｸﾎﾃﾙ
4106,ふみきりばん
4107,フミキリバン
4108,ﾌﾐｷﾘﾊﾞﾝ
4109,ぶらく
4110,ブラク
4111,ﾌﾞﾗｸ
4112,ふりん
4113,フリン
4114,ﾌﾘﾝ
4115,プロ市民
4116,ぷろ市民
4117,ﾌﾟﾛ市民
4118,ふろうじ
4119,フロウジ
4120,ﾌﾛｳｼﾞ
4121,ふろうしゃ
4122,フロウシャ
4123,ﾌﾛｳｼｬ
4124,ﾍﾟｲｶﾝ
4125,ぺいかん
4126,ペイカン
4127,ぺいちゅう
4128,ペイチュウ
4129,ﾍﾟｲﾁｭｳ
4130,ペイ患
4131,ペイ中
4132,ぺにす
4133,ペニス
4134,ﾍﾟﾆｽ
4135,ぺよーて
4136,ペヨーテ
4137,ﾍﾟﾖｰﾃ
4138,へろいん
4139,ヘロイン
4140,ﾍﾛｲﾝ
4141,へんたい
4142,ヘンタイ
4143,ﾍﾝﾀｲ
4144,へんたいしんぶん
4145,ヘンタイシンブン
4146,ﾍﾝﾀｲｼﾝﾌﾞﾝ
4147,ボイン
4148,ぼいん
4149,ﾎﾞｲﾝ
4150,ほうけい
4151,ホウケイ
4152,ﾎｳｹｲ
4153,ぼうず
4154,ボウズ
4155,ﾎﾞｳｽﾞ
4156,ほくせん
4157,ホクセン
4158,ﾎｸｾﾝ
4159,ほしゅけいしみんだんたい
4160,ホシュケイシミンダンタイ
4161,ﾎｼｭｹｲｼﾐﾝﾀﾞﾝﾀｲ
4162,ほせんこうふ
4163,ホセンコウフ
4164,ﾎｾﾝｺｳﾌ
4165,ぼっき
4166,ボッキ
4167,ﾎﾞｯｷ
4168,ぽりこう
4169,ポリコウ
4170,ポリ公
4171,ﾎﾟﾘｺｳ
4172,ポルノ
4173,ぽるの
4174,ﾎﾟﾙﾉ
4175,ぽるのえいが
4176,ポルノエイガ
4177,ﾎﾟﾙﾉｴｲｶﾞ
4178,ぽるのがぞう
4179,ポルノガゾウ
4180,ﾎﾟﾙﾉｶﾞｿﾞｳ
4181,ぽるのぐらふぃー
4182,ポルノグラフィー
4183,ﾎﾟﾙﾉｸﾞﾗﾌｨｰ
4184,ぽるのしょうせつ
4185,ポルノショウセツ
4186,ﾎﾟﾙﾉｼｮｳｾﾂ
4187,ぽるの映画
4188,ポルノ映画
4189,ﾎﾟﾙﾉ映画
4190,ぽるの画像
4191,ポルノ画像
4192,ﾎﾟﾙﾉ画像
4193,ぽるの小説
4194,ポルノ小説
4195,ﾎﾟﾙﾉ小説
4196,ぽんびき
4197,ポンビキ
4198,ぽん引き
4199,ﾎﾟﾝﾋﾞｷ
4200,まいるーら
4201,まいるｰら
4202,マイルーラ
4203,ﾏｲﾙｰﾗ
4204,ﾎﾞｹ
4205,ﾏｴﾂｷ
4206,マエツキ
4207,まえつき
4208,ﾏｻﾞｰﾌｧｯｸ
4209,マザーファック
4210,まざーふぁっく
4211,まりふぁな
4212,マリファナ
4213,ﾏﾘﾌｧﾅ
4214,まんげ
4215,マンゲ
4216,ﾏﾝｹﾞ
4217,まんこ
4218,マンコ
4219,ﾏﾝｺ
4220,まんしゅう
4221,マンシュウ
4222,ﾏﾝｼｭｳ
4223,まんじる
4224,マンジル
4225,ﾏﾝｼﾞﾙ
4226,まんちょ
4227,マンチョ
4228,ﾏﾝﾁｮ
4229,まんぢる
4230,マンヂル
4231,ﾏﾝﾁﾞﾙ
4232,まん汁
4233,みかいじん
4234,ミカイジン
4235,ﾐｶｲｼﾞﾝ
4236,みかいはつこく
4237,ミカイハツコク
4238,ﾐｶｲﾊﾂｺｸ
4239,みだら
4240,ミダラ
4241,ﾐﾀﾞﾗ
4242,みつうおんな
4243,ミツウオンナ
4244,ﾐﾂｳｵﾝﾅ
4245,みつくち
4246,ミツクチ
4247,ﾐﾂｸﾁ
4248,ミヤザキツトム
4249,ﾐﾔｻﾞｷﾂﾄﾑ
4250,みやざきつとむ
4251,むすめをかたづける
4252,ムスメヲカタヅケル
4253,ﾑｽﾒｦｶﾀﾂﾞｹﾙ
4254,むせい
4255,ムセイ
4256,ﾑｾｲ
4257,めかけ
4258,メカケ
4259,ﾒｶｹ
4260,めくら
4261,メクラ
4262,ﾒｸﾗ
4263,めくらじま
4264,メクラジマ
4265,ﾒｸﾗｼﾞﾏ
4266,めくらばんをおす
4267,メクラバンヲオス
4268,ﾒｸﾗﾊﾞﾝｦｵｽ
4269,めくらへびにおじず
4270,メクラヘビニオジズ
4271,ﾒｸﾗﾍﾋﾞﾆｵｼﾞｽﾞ
4272,めくらめっぽう
4273,メクラメッポウ
4274,ﾒｸﾗﾛﾒｯﾎﾟｳ
4275,もうこしょう
4276,モウコショウ
4277,ﾓｳｺｼｮｳ
4278,もうじん
4279,モウジン
4280,ﾓｳｼﾞﾝ
4281,もうもく
4282,モウモク
4283,ﾓｳﾓｸ
4284,もんもう
4285,モンモウ
4286,ﾓﾝﾓｳ
4287,やーさま
4288,ヤーサマ
4289,ヤー様
4290,ﾔｰｻﾏ
4291,やぶいしゃ
4292,ヤブイシャ
4293,やぶ医者
4294,ヤブ医者
4295,ﾔﾌﾞｲｼｬ
4296,ﾔﾌﾞ医者
4297,やぶにらみ
4298,ヤブニラミ
4299,ﾔﾌﾞﾆﾗﾐ
4300,やりとも
4301,ヤリトモ
4302,ﾔﾘﾄﾓ
4303,ヤリマン
4304,やりまん
4305,ﾔﾘﾏﾝ
4306,やり友
4307,ヤリ友
4308,ﾔﾘ友
4309,よつあし
4310,ヨツアシ
4311,ﾖﾂｱｼ
4312,よりめ
4313,ヨリメ
4314,ﾖﾘﾒ
4315,ライ病
4316,らい病
4317,らいびょう
4318,ライビョウ
4319,ﾗｲﾋﾞｮｳ
4320,らぶほ
4321,ラブホ
4322,ﾗﾌﾞﾎ
4323,ラブホテル
4324,らぶほてる
4325,ﾗﾌﾞﾎﾃﾙ
4326,らんこう
4327,ランコウ
4328,ﾗﾝｺｳ
4329,りあるH
4330,りあるｈ
4331,リアルH
4332,リアルＨ
4333,ﾘｱﾙH
4334,りあるえっち
4335,リアルエッチ
4336,りあるでH
4337,りあるでｈ
4338,リアルでH
4339,リアルでＨ
4340,リアルデＨ
4341,ﾘｱﾙでH
4342,ﾘｱﾙﾃﾞH
4343,りあるでえっち
4344,リアルデエッチ
4345,ﾘｱﾙﾃﾞｴｯﾁ
4346,リアルマネー
4347,りあるまねー
4348,ﾘｱﾙﾏﾈｰ
4349,れいぷ
4350,レイプ
4351,ﾚｲﾌﾟ
4352,ろすけ
4353,ロスケ
4354,ﾛｽｹ
4355,ロマンポルノ
4356,ろまんぽるの
4357,ﾛﾏﾝﾎﾟﾙﾉ
4358,ろん・ぱり
4359,ロン・パリ
4360,ろんぱり
4361,ロンパリ
4362,ﾛﾝﾊﾟﾘ
4363,わぎな
4364,ワギナ
4365,ﾜｷﾞﾅ
4366,バキナ
4367,ばぎな
4368,ﾊﾞｷﾞﾅ
4369,唖
4370,唖者
4371,阿呆
4372,愛液
4373,愛汁
4374,愛撫
4375,悪婦
4376,悪露
4377,安楽死
4378,伊勢乞食
4379,慰安所
4380,椅子洗い
4381,一夜妻
4382,淫
4383,淫楽
4384,淫虐
4385,淫行
4386,淫事
4387,淫獣
4388,淫心
4389,淫水
4390,淫蕩
4391,淫売
4392,淫売女
4393,淫婦
4394,淫奔
4395,淫魔
4396,淫慾
4397,淫欲
4398,淫乱
4399,淫乱症
4400,淫猥
4401,淫祠
4402,淫靡
4403,陰茎
4404,陰茎癌
4405,陰根
4406,陰唇
4407,陰嚢
4408,陰嚢癌
4409,陰阜
4410,陰部
4411,陰毛
4412,陰門
4413,隠坊
4414,興信所
4415,右翼
4416,かつぎ屋
4417,援交
4418,援助交際
4419,艶言
4420,艶婦
4421,艶福家
4422,艶聞
4423,艶本
4424,汚辱
4425,汚物
4426,汚穢
4427,殴殺
4428,沖仲仕
4429,下ネタ
4430,下の口
4431,下淫
4432,下女
4433,下穿
4434,下穿き
4435,下帯
4436,下男
4437,河原乞食
4438,華商
4439,我慢汁
4440,餓死
4441,餓死に
4442,会陰
4443,会陰切開
4444,会陰部
4445,回虫
4446,回虫症
4447,快便
4448,怪死体
4449,拐引
4450,海老責め
4451,外性器
4452,街娼
4453,蛙の子は蛙
4454,拡張員
4455,拡張団
4456,拡張団長
4457,覚せい剤
4458,姦
4459,姦淫
4460,姦淫罪
4461,姦通
4462,姦通罪
4463,姦夫
4464,姦婦
4465,官能
4466,官能映画
4467,官能画像
4468,官能小説
4469,管理者
4470,管理人
4471,間の子
4472,顔射
4473,顔面騎乗
4474,基地外
4475,奇形児
4476,寄目
4477,棄子
4478,棄児
4479,気違いに刃物
4480,気違い沙汰
4481,飢え死に
4482,飢死
4483,飢死に
4484,亀甲縛り
4485,亀頭
4486,亀頭部
4487,擬似包茎
4488,菊座
4489,吃
4490,汲み取り屋
4491,くみとり屋
4492,クミトリ屋
4493,ｸﾐﾄﾘ屋
4494,クズ屋
4495,くず屋
4496,ｸｽﾞ屋
4497,去勢
4498,巨根
4499,巨乳
4500,漁色
4501,漁色家
4502,強姦
4503,業病
4504,ごうびょう
4505,ゴウビョウ
4506,ｺﾞｳﾋﾞｮｳ
4507,近親姦
4508,近親相姦
4509,近目
4510,金玉
4511,愚鈍
4512,虞犯少年
4513,屑屋
4514,経血
4515,鶏姦
4516,月経
4517,犬殺し
4518,犬ころし
4519,犬コロシ
4520,犬コロし
4521,現地妻
4522,後追い自殺
4523,御稚児
4524,御稚児さん
4525,碁盤責め
4526,交悦
4527,交合
4528,交情
4529,交接
4530,交接器
4531,交尾
4532,交尾器
4533,公開テレクラ
4534,公娼
4535,公然猥褻
4536,口淫
4537,口内発射
4538,好き者
4539,好色
4540,好色家
4541,好色女
4542,工□
4543,工っち
4544,工ッチ
4545,工ｯﾁ
4546,工ろ
4547,工ロ
4548,工ﾛ
4549,工口
4550,工作員
4551,工夫
4552,紅毛人
4553,荒淫
4554,鉱夫
4555,黒んぼ
4556,催淫
4557,催淫剤
4558,殺
4559,殺し
4560,殺シ
4561,殺ｼ
4562,殺す
4563,殺ス
4564,殺ｽ
4565,殺せ
4566,殺セ
4567,殺ｾ
4568,殺ソ
4569,殺そ
4570,殺ｿ
4571,殺人
4572,殺人者
4573,雑役夫
4574,三つ口
4575,三韓征伐
4576,三助
4577,三国人
4578,産婆
4579,四つ足
4580,子宮
4581,屍
4582,屍姦
4583,市ね
4584,支那
4585,支那蕎麦
4586,支那事変
4587,支那人
4588,支那竹
4589,支那料理
4590,死
4591,死ね
4592,死ネ
4593,死ﾈ
4594,死姦
4595,死相
4596,死体
4597,氏ね
4598,氏ネ
4599,氏ﾈ
4600,私娼
4601,私娼窟
4602,視姦
4603,視虐症
4604,児童虐待
4605,痔核
4606,痔疾
4607,痔瘻
4608,自慰
4609,自慰行為
4610,自淫
4611,自殺しろ
4612,自殺する
4613,自殺願望
4614,自殺者
4615,自殺条項
4616,自殺未遂
4617,自殺幇助
4618,自閉
4619,自閉症
4620,自閉症児
4621,失禁
4622,射精
4623,捨て子
4624,捨子
4625,邪淫
4626,邪欲
4627,酌婦
4628,取り締
4629,取締
4630,手まん
4631,手マン
4632,手ﾏﾝ
4633,手ん棒
4634,手ン棒
4635,手ﾝ棒
4636,手棒
4637,手淫
4638,酒鬼薔薇聖斗
4639,酒色
4640,首切り
4641,受精
4642,受精卵
4643,受胎
4644,受胎期
4645,受胎告知
4646,受胎率
4647,授精
4648,授乳
4649,授乳期
4650,集団H
4651,集団Ｈ
4652,醜女
4653,醜男
4654,獣姦
4655,獣交
4656,獣欲
4657,銃殺
4658,銃殺刑
4659,銃殺隊
4660,宿便
4661,春画
4662,準強姦
4663,純血
4664,純血主義
4665,純血種
4666,処刑
4667,処女
4668,処女作
4669,処女峰
4670,処女膜
4671,初潮
4672,初潮期
4673,初夜権
4674,助平
4675,女陰
4676,女給
4677,女狂い
4678,女好き
4679,女工
4680,女殺し
4681,女子供
4682,女上位
4683,女色
4684,女性器
4685,女性上位
4686,女性性器陵辱
4687,女性蔑視
4688,女性遍歴
4689,女性歴
4690,女盛り
4691,女相撲
4692,女中
4693,女遊び
4694,女郎屋
4695,女衒
4696,女誑し
4697,傷害
4698,傷害罪
4699,商売女
4700,妾
4701,妾婦
4702,娼婦
4703,小使い
4704,小便
4705,小便小僧
4706,少年愛
4707,少年院
4708,少年犯罪
4709,松本智津夫
4710,消えろ
4711,消エロ
4712,左翼
4713,障害者
4714,上淫
4715,上玉
4716,上祐史浩
4717,情交
4718,情死
4719,情事
4720,情夫
4721,情婦
4722,植物人間
4723,植物にんげん
4724,植物ニンゲン
4725,植物ﾆﾝｹﾞﾝ
4726,しょくぶつ人間
4727,ショクブツ人間
4728,ｼｮｸﾌﾞﾂ人間
4729,色情
4730,色情狂
4731,色情症
4732,色盲
4733,色欲
4734,尻軽
4735,尻軽女
4736,尻穴
4737,寝たきり老人
4738,心障児
4739,心障者
4740,新平民
4741,真性包茎
4742,身元調査
4743,身体刑
4744,人工子宮
4745,人工受精
4746,人工授精
4747,人工臓器
4748,人工肛門
4749,人足
4750,人体解剖
4751,人非人
4752,人夫
4753,人糞
4754,垂死
4755,水死
4756,水死人
4757,水死体
4758,睡眠薬
4759,衰死
4760,衰弱死
4761,雀医者
4762,性意識
4763,性感帯
4764,性器
4765,性器接吻
4766,性教育
4767,性行動
4768,性行不良
4769,性衝動
4770,性成熟
4771,性生活
4772,性早熟
4773,性知識
4774,性倒錯
4775,性風俗
4776,性癖
4777,性欲
4778,成人病
4779,生き埋め
4780,生殖
4781,生埋め
4782,生理
4783,生理日
4784,生理用品
4785,精液
4786,精子
4787,精子運動
4788,精神異常
4789,精神病
4790,精神病理
4791,精神分裂病
4792,精通
4793,精薄
4794,精薄児
4795,精力剤
4796,逝
4797,青姦
4798,石女
4799,責め具
4800,赤旗
4801,赤肌
4802,接客婦
4803,絶倫
4804,先走り汁
4805,先走リ汁
4806,先走ﾘ汁
4807,千摺り
4808,洗濯女
4809,賎女
4810,鮮人
4811,前科者
4812,前立腺
4813,全盲
4814,組織犯罪
4815,鼠径部
4816,鼠蹊
4817,鼠蹊部
4818,想像妊娠
4819,掃除夫
4820,掃除婦
4821,挿入
4822,早熟
4823,早熟性
4824,早熟娘
4825,早漏
4826,総会荒し
4827,側妻
4828,側妾
4829,足切り
4830,足萎
4831,多淫
4832,多妻
4833,多情
4834,体外受精
4835,胎便
4836,台湾ハゲ
4837,台湾はげ
4838,台湾禿
4839,たいわんはげ
4840,タイワンハゲ
4841,たいわんハゲ
4842,たいわん禿
4843,ﾀｲﾜﾝ禿
4844,ﾀｲﾜﾝはげ
4845,大陰唇
4846,大根足
4847,大人のおもちゃ
4848,大人ノオモチャ
4849,大人ﾉｵﾓﾁｬ
4850,大東亜戦争
4851,大便
4852,大麻
4853,第三国
4854,蛸部屋
4855,担ぎ屋
4856,男漁り
4857,男根
4858,男根期
4859,男根崇拝
4860,男根羨望
4861,男殺し
4862,男色
4863,男性器
4864,男日照り
4865,男便所
4866,知恵遅れ
4867,地下鉄サリン
4868,地回り
4869,恥丘
4870,痴
4871,痴漢
4872,痴戯
4873,遅漏
4874,中出し
4875,丁稚
4876,朝だち
4877,朝立ち
4878,潮吹
4879,低開発国
4880,低脳
4881,低脳児
4882,溺れ死ぬ
4883,添え乳
4884,添乳
4885,電動こけし
4886,電動コケシ
4887,電動ｺｹｼ
4888,屠殺
4889,土建屋
4890,土工
4891,土左衛門
4892,土人
4893,奴隷
4894,当て馬
4895,踏切番
4896,童貞
4897,得ろ
4898,得ﾛ
4899,得ロ
4900,特定アジア
4901,特定あじあ
4902,特殊学級
4903,特殊学校
4904,特殊部落
4905,乳首
4906,乳輪
4907,猫糞
4908,脳膜炎
4909,馬鹿
4910,馬鹿チョン
4911,馬鹿でもチョンでも
4912,ばかでもちょんでも
4913,バカでもチョンでも
4914,ちょん
4915,チョン
4916,馬並
4917,馬並み
4918,売春
4919,白帯下
4920,白痴
4921,爆乳
4922,半島人
4923,犯す
4924,犯ス
4925,犯ｽ
4926,犯る
4927,犯ル
4928,犯ﾙ
4929,卑猥
4930,皮被り
4931,避妊
4932,非人
4933,美乳
4934,姫始め
4935,姫始メ
4936,姫始ﾒ
4937,姫初め
4938,姫納め
4939,姫納メ
4940,姫納ﾒ
4941,貧農
4942,不具
4943,不治の病
4944,不倫
4945,浮かれ女
4946,浮き名
4947,浮気
4948,浮気者
4949,浮気女
4950,浮気性
4951,浮気男
4952,浮気娘
4953,浮名
4954,浮浪児
4955,浮浪者
4956,腐
4957,部落
4958,糞っ垂れ
4959,文盲
4960,片ちんば
4961,片手落ち
4962,片手おち
4963,片手オチ
4964,片手ｵﾁ
4965,片親
4966,片足
4967,片端
4968,片肺
4969,片目
4970,片輪者
4971,片跛
4972,保守系市民団体
4973,保線工夫
4974,包茎
4975,勃起
4976,埋殺し
4977,未開人
4978,未開発国
4979,未通女
4980,未亡人
4981,夢精
4982,娘を片付ける
4983,明盲
4984,毛唐
4985,盲
4986,盲愛する
4987,盲縞
4988,盲蛇に怖じず
4989,盲人
4990,盲判を押す
4991,盲滅法
4992,盲目
4993,蒙古症
4994,落ちこぼれ
4995,落とし前
4996,落人部落
4997,乱交
4998,裏ビデオ
4999,裏日本
5000,表日本
5001,露助
5002,聾
5003,佝僂
5004,傴僂
5005,喘ぎ
5006,喘ギ
5007,喘ｷﾞ
5008,喘ぎ声
5009,嗜虐
5010,奸婦
5011,媚薬
5012,嬌態
5013,疥癬
5014,疣痔
5015,癩病
5016,睾丸
5017,穢多
5018,穢土
5019,縊殺
5020,縊死
5021,肛門
5022,膣
5023,藪睨み
5024,蛔虫
5025,賤の女
5026,賤の男
5027,賤男
5028,跛
5029,躄
5030,鏖殺
5031,糞
5032,（GM）
5033,（ＧＭ）
5034,(GM)
5035,(ＧＭ)
5036,"[GM]"
5037,"[ＧＭ]"
5038,〈GM〉
5039,〈ＧＭ〉
5040,《GM》
5041,《ＧＭ》
5042,〔GM〕
5043,〔ＧＭ〕
5044,＜GM＞
5045,＜ＧＭ＞
5046,≪GM≫
5047,≪ＧＭ≫
5048,GAME MASTER
5049,ＧＡＭＥ ＭＡＳＴＥＲ
5050,GAME　MASTER
5051,ＧＡＭＥ　ＭＡＳＴＥＲ
5052,ｹﾞｰﾑﾏｽﾀｰ
5053,ﾁｬﾝｺﾛ
5054,ﾁｮﾝ
5055,奇形
5056,乞食
5057,こじき
5058,コジキ
5059,ｺｼﾞｷ
5060,知的障害
5061,チテキ障害
5062,知的ショウガイ
5063,チテキショウガイ
5064,ちてきしょうがい
5065,ﾁﾃｷｼｮｳｶﾞｲ
5066,知恵おくれ
5067,知恵オクレ
5068,知恵ｵｸﾚ
5069,LSD
5070,MDMA
5071,えむでいえむえー
5072,エムデイエムエー
5073,ｴﾑﾃﾞｲｴﾑｴｰ
5074,えるえすでぃー
5075,エルエスディー
5076,ｴﾙｴｽﾃﾞｨｰ
5077,えるえすでい
5078,エルエスデイ
5079,ｴﾙｴｽﾃﾞｲ
5080,合法どらっぐ
5081,合法ドラッグ
5082,合法ﾄﾞﾗｯｸﾞ
5083,脱法どらっぐ
5084,脱法ドラッグ
5085,脱法ﾄﾞﾗｯｸﾞ
5086,だっぽうどらっぐ
5087,ダッポウドラッグ
5088,ﾀﾞｯﾎﾟｳﾄﾞﾗｯｸﾞ
5089,危険どらっぐ
5090,危険ﾄﾞﾗｯｸﾞ
5091,危険ドラッグ
5092,きけんどらっぐ
5093,キケンドラッグ
5094,ｷｹﾝﾄﾞﾗｯｸﾞ
5095,非国民
5096,18ｷﾝ
5097,Cｌｉｔｏｒｉｓ
5098,ＣＵＲＩＮＩＮＧＵＳ
5099,CURININGUSU
5100,Ｃｕｒｉｎｉｎｇｕｓｕ
5101,KLITORIS
5102,Kｌｉｔｏｒｉｓ
5103,ＫＬＩＴＯＲＩＳ
5104,ＫＵＲＩＮＩＮＧＵＳ
5105,SHIT
5106,ＳＨＩＴ
5107,TINPO
5108,ＴＩＮPO
5109,Ｔｉｎｐｏ
5110,TINTIN
5111,ＴＩＮＴＩＮ
5112,ｱｸﾒ
5113,いらまちお
5114,イラマチオ
5115,ｲﾗﾏﾁｵ
5116,おめこ
5117,オメコ
5118,ｵﾒｺ
5119,ちんかす
5120,チンカス
5121,ﾁﾝｶｽ
5122,ちんｺ
5123,ますたーべーしょん
5124,マスターベーション
5125,ﾏｽﾀｰﾍﾞｰｼｮﾝ
5126,まんかす
5127,マンカス
5128,ﾏﾝｶｽ
5129,鬼畜
5130,きちく
5131,キチク
5132,ｷﾁｸ
5133,生殖器
5134,せいしょくき
5135,セイショクキ
5136,ｾｲｼｮｸｷ
5137,買春
5138,凌辱
5139,陵辱
5140,りょうじょく
5141,リョウジョク
5142,ﾘｮｳｼﾞｮｸ
5143,うじむし
5144,ウジムシ
5145,ｳｼﾞﾑｼ
5146,うじ虫
5147,ウジ虫
5148,ｳｼﾞ虫
5149,ｷ○ｶﾞｲ
5150,き○がい
5151,ｷ●ｶﾞｲ
5152,き●がい
5153,痴呆
5154,蛆虫
5155,不細工
5156,ぶさいく
5157,ブサイク
5158,ﾌﾞｻｲｸ
5159,無乳
5160,変態
5161,変態新聞
5162,苛め
5163,いじめ
5164,イジメ
5165,ｲｼﾞﾒ
5166,きもおた
5167,キモオタ
5168,ｷﾓｵﾀ
5169,きもをた
5170,キモヲタ
5171,ｷﾓｦﾀ
5172,くそ
5173,クソ
5174,ｸｿ
5175,WEBMONEY
5176,ＷＥＢＭＯＮＥＹ
5177,ウェブマネー
5178,ｳｪﾌﾞﾏﾈｰ
5179,BOT
5180,ＢＯＴ
5181,B O T
5182,Ｂ Ｏ Ｔ
5183,B　O　T
5184,Ｂ　Ｏ　Ｔ
5185,B-O-T
5186,Ｂ-Ｏ-Ｔ
5187,http://
5188,ＨＴＴＰ：//
5189,ｗｗｗ.
5190,@docomo
5191,@ｄｏｃｏｍｏ
5192,@softbank
5193,@ｓｏｆｔｂａｎｋ
5194,@i.softbank
5195,@ｉ.ｓｏｆｔｂａｎｋ
5196,@ezweb.ne
5197,@ｅｚｗｅｂ.ｎｅ
5198,@yy.ezweb
5199,@ｙｙ.ｅｚｗｅｂ
5200,pdx.ne
5201,ｐｄｘ.ｎｅ
5202,yy.pdx
5203,ｙｙ.ｐｄｘ
5204,@gmail
5205,@ｇｍａｉｌ
5206,@infoseek
5207,@ｉｎｆｏｓｅｅｋ
5208,@kobej.zzn
5209,@KOBE.JZZN
5210,@ｋｏｂｅ.ｊｚｚｎ
5211,@mail.goo
5212,@ｍａｉｌ.ｇｏｏ
5213,@hotmail
5214,@ｈｏｔｍａｉｌ
5215,@nifmail
5216,@ｎｉｆｍａｉｌ
5217,@auone
5218,@ａｕｏｎｅ
5219,@livedoor
5220,@ｌｉｖｅｄｏｏｒ
5221,@yahoo
5222,@ｙａｈｏｏ
5223,@smoug
5224,@ｓｍｏｕｇ
5225,@excite
5226,@ｅｘｃｉｔｅ
5227,@pc_run.zzn
5228,@ｐｃ_ｒｕｎ.ｚｚｕ
5229,@ＰＣ_ＲＵＮ.ＺＺＮ
5230,@vjp
5231,@ｖｊｐ
5232,@1mile
5233,@1ｍｉｌｅ
5234,@operamail
5235,@O.peramail
5236,@ｏ.ｐｅｒａｍａｉｌ
5237,@ultrapostman
5238,@ｕｌｔｒａｐｏｓｔｍａｎ
5239,@supermailer
5240,@ｓｕｐｅｒｍａｉｌｅｒ
5241,@spamcorptastic
5242,@ｓｐａｍｃｏｒｐｔａｓｔｉｃ
5243,@XX.renraku
5244,@ＸＸ.ｒｅｎｒａｋｕ
5245,@astroboymail
5246,@ａｓｔｒｏｂｏｙｍａｉｌ
5247,@lycos
5248,@ｌｙｃｏｓ
5249,@dbzmail
5250,@ｄｂｚｍａｉｌ
5251,@gundamfan
5252,@ｇｕｎｄａｍｆａｎ
5253,@www
5254,@ｗｗｗ
5255,@uymail
5256,@ｕｙｍａｉｌ
5257,@sailormoon
5258,@ｓａｉｌｏｒｍｏｏｎ
5259,@doramail
5260,@ｄｏｒａｍａｉｌ
5261,@fubako
5262,@ｆｕｂａｋｏ
5263,@fact-mai
5264,@ｆａｃｔ−ｍａｉ
5265,@tsukaisute
5266,@ｔｓｕｋａｉｓｕｔｅ
5267,@ichimail
5268,@ｉｃｈｉｍａｉｌ
5269,@meritmail
5270,@ｍｅｒｉｔｍａｉｌ
5271,@mini-blog
5272,@ｍｉｎｉ−ｂｌｏｇ
5273,@melmel
5274,@ｍｅｌｍｅｌ
5275,@lopox
5276,@ｌｏｐｏｘ
5277,@saku2
5278,@ｓａｋｕ2
5279,@estyle
5280,@ｅｓｔｙｌｅ
5281,@drive
5282,@ｄｒｉｖｅ
5283,尿
5284,fuck you
5285,fuckyou
5286,fuck u
5287,fucku
5288,FUCK YOU
5289,FUCKYOU
5290,FUCK U
5291,FUCK
5292,f u c k
5293,F U C K
5294,fack you
5295,fackyou
5296,fack u
5297,facku
5298,FACK YOU
5299,FACKYOU
5300,FACK U
5301,Fack
5302,FACK
5303,f a c k
5304,F A C K
5305,tinko
5306,tits
5307,cocksucker
5308,Yankee
5309,cunt
5310,mama boy
5311,idiot
5312,Mother fucker
5313,SOB
5314,Son of a Bitch
5315,Dick head
5316,Dick hole
5317,Ass hole
5318,Suck my dick
5319,Go to hell
5320,What the fuck
5321,bitch ass mother fucker
5322,Fuck you bitch
5323,You son of a fuckin bitch ass mother fucker
5324,you deep shit
5325,You fuck!
5326,I am gonna kick your fuckin ass
5327,Yank
5328,Nigga
5329,you pussy
5330,fuck yourself
5331,you slut
5332,bastard
5333,チん子
5334,てぃんこ
5335,てぃン子
5336,ちんこー
5337,ﾁﾝKS
5338,ちんｋS
5339,ちんKS
5340,せくす
5341,セクス
5342,ｾｸｽ
5343,セクース
5344,ｾｸｰｽ
5345,せくーす
5346,せｋ−す
5347,せ　く す
5348,セツクス
5349,せ　っくす
5350,せ○○す
5351,汚染ぱんてぃ
5352,おなほ
5353,オナホ
5354,ｵﾅﾎ
5355,おなふぉ
5356,おなフォ
5357,ｵﾅﾌｫ
5358,まんぴー
5359,マンピー
5360,ﾏﾝﾋﾟｰ
5361,まん○ー
5362,オナ禁
5363,工口工口
5364,おまんちん
5365,ちんぽこ
5366,ビッチ
5367,ﾋﾞｯﾁ
5368,性処理
5369,ｾｰｼｮﾘ
5370,セーショリ
5371,せーしょり
5372,おな禁
5373,おなきん
5374,オナキン
5375,ｵﾅｷﾝ
5376,オナペット
5377,おなぺっと
5378,ｵﾅﾍﾟｯﾄ
5379,せｋす
5380,ポコペン
5381,ぽこぺん
5382,ﾎﾟｺﾍﾟﾝ
5383,東亜病夫
5384,とうあびょうふ
5385,トウアビョウフ
5386,ﾄｳｱﾋﾞｭｮｳﾌ
5387,RＭＴ
5388,ｒMＴ
5389,rmＴ
5390,ｒＭT
5391,rＭt
5392,ｒMT
5393,Ｒ ＭＴ
5394,R MT
5395,ＲＭ Ｔ
5396,RM T
5397,Ｒ　ＭＴ
5398,R　MT
5399,ＲＭ　Ｔ
5400,RM　T
5401,Ｒ  ＭＴ
5402,R  MT
5403,ＲＭ  Ｔ
5404,RM  T
5405,Ｒ　 ＭＴ
5406,R　 MT
5407,ＲＭ　 Ｔ
5408,RM　 T
5409,Ｒ 　ＭＴ
5410,R 　MT
5411,ＲＭ 　Ｔ
5412,RM 　T
5413,Ｒ　　ＭＴ
5414,R　　MT
5415,ＲＭ　　Ｔ
5416,RM　　T
5417,Ｒ\'ＭＴ
5418,R\'MT
5419,ＲＭ\'Ｔ
5420,RM\'T
5421,Ｒ’ＭＴ
5422,R’MT
5423,ＲＭ’Ｔ
5424,RM’T
5425,"Ｒ\""ＭＴ"
5426,"R\""MT"
5427,"ＲＭ\""Ｔ"
5428,"RM\""T"
5429,Ｒ”ＭＴ
5430,R”MT
5431,ＲＭ”Ｔ
5432,RM”T
5433,Ｒ・ＭＴ
5434,R・MT
5435,ＲＭ・Ｔ
5436,RM・T
5437,Ｒ_ＭＴ
5438,R_MT
5439,ＲＭ_Ｔ
5440,RM_T
5441,Ｒ＿ＭＴ
5442,R＿MT
5443,ＲＭ＿Ｔ
5444,RM＿T
5445,killyou
5446,kill you
5447,killu
5448,kill u
5449,AssHole
5450,ホモ
5451,ほも
5452,ﾎﾓ
5453,★★WWW
5454,★★ＷＷＷ
5455,▼WWW
5456,▼ＷＷＷ
5457,▽WWW
5458,▽ＷＷＷ
5459,▲WWW
5460,▲ＷＷＷ
5461,△WWW
5462,△ＷＷＷ
5463,f　u　c　k
5464,F.U.C.K
5465,"F,U,C,K"
5466,低　能
5467,低 能
5468,馬　鹿
5469,馬 鹿
5470,垢売り
5471,fu=ck
5472,f u= c k
5473,mannko
5474,ＳEX
5475,ＳＥX
5476,ＳEＸ
5477,SＥＸ
5478,SＥX
5479,SEＸ
5480,OMANKO
5481,ＯＭＡＮＫＯ
5482,B O K K I
5483,漫湖くさ子
5484,肉便器
5485,にくべんき
5486,ニクベンキ
5487,ﾆｸﾍﾞﾝｷ
5488,童　貞
5489,猥褻
5490,わいせつ
5491,ワイセツ
5492,ﾜｲｾﾂ
5493,虐
5494,苛
5495,猥
5496,辱
5497,屑
5498,オナホちゃん
5499,ちんちん舐め太郎
5500,おまんちん幼女
5501,淫乱幼女
5502,ちんぽこナメ郎
5503,ひかえめおっばい
5504,おっぱい星人
5505,おちんちん
5506,オチンチン
5507,ｵﾁﾝﾁﾝ
5508,エッチなお姉さん
5509,ビックリまんぴー
5510,性処理肉便器
5511,殺人犯
5512,さつじんはん
5513,サツジンハン
5514,ｻﾂｼﾞﾝﾊﾝ
5515,おっぱーい
5516,処女時代
5517,あなるん
5518,オナフォ
5519,ちんちんなめ
5520,ちんちん舐め
5521,ﾁﾝﾁﾝなめ
5522,ﾁﾝﾁﾝﾅﾒ
5523,愛玩具
5524,曖玩具
5525,垢ハック
5526,アカハック
5527,ｱｶﾊｯｸ
5528,アカウントハック
5529,ｱｶｳﾝﾄﾊｯｸ
5530,おヶッ
5531,お汁娘
5532,おちん娘
5533,オナぺっと
5534,オナヌ
5535,おにゃにすと
5536,おにゃぺっと
5537,おまんこ
5538,オマンコ
5539,ｵﾏﾝｺ
5540,おまnちん
5541,ケツ毛
5542,ケツの穴
5543,肛モン
5544,股間
5545,潮吹き
5546,汁男優
5547,ち・ん・こ
5548,ちンぽ
5549,珍歩
5550,チンポコ
5551,床上手
5552,とこじょうず
5553,トコジョウズ
5554,ﾄｺｼﾞｮｳｽﾞ
5555,ぱいずり
5556,パイズリ
5557,ﾊﾟｲｽﾞﾘ
5558,破廉恥
5559,破レン恥
5560,はれんち
5561,ハレンチ
5562,ﾊﾚﾝﾁ
5563,泌尿器
5564,ビンビンのアレ
5565,便器
5566,ぽこちん
5567,ポコチン
5568,ﾎﾟｺﾁﾝ
5569,Fuckin
5570,GMサービス運営
5571,SM嬢
5572,SMじょう
5573,SMジョウ
5574,SMｼﾞｮｳ
5575,SMプレイ
5576,SMﾌﾟﾚｲ
5577,脱糞
5578,やりマン
5579,淫乱びっち
5580,シックス・ナイン
5581,ｼｯｸｽ･ﾅｲﾝ
5582,歩くうんこの塊
5583,欲求不満
5584,リアルマネートレード
5585,りあるまねーとれーど
5586,ﾘｱﾙﾏﾈｰﾄﾚｰﾄﾞ
5587,real money
5588,ＲＥＡＬ ＭＯＮＥＹ
5589,rmt
5590,ＲＭＴ
5591,r m t
5592,Ｒ Ｍ Ｔ
5593,r　m　t
5594,Ｒ　Ｍ　Ｔ
5595,r-m-t
5596,Ｒ-Ｍ-Ｔ
5597,r!m!t
5598,r\'m\'t
5599,Ｒ\'Ｍ\'Ｔ
5600,"r\""m\""t"
5601,"Ｒ\""Ｍ\""Ｔ"
5602,r#m#t
5603,Ｒ#Ｍ#Ｔ
5604,r$m$t
5605,Ｒ$Ｍ$Ｔ
5606,r%m%t
5607,Ｒ%Ｍ%Ｔ
5608,r`m`t
5609,Ｒ`Ｍ`Ｔ
5610,r_m_t
5611,Ｒ_Ｍ_Ｔ
5612,r☆mt
5613,r★mt
5614,r☆m☆t
5615,r★m★t
5616,r`m\'t
5617,r`\'m`t
5618,r~m~t
5619,ちーと
5620,チート
5621,チーﾄ
5622,ﾁート
5623,ﾁｰﾄ
5624,升
5625,デュープ
5626,でゅーぷ
5627,ﾃﾞｭｰﾌﾟ
5628,エスキモ
5629,ｴｽｷﾓ
5630,えすきも
5631,びっこ
5632,ビッコ
5633,ﾋﾞｯｺ
5634,ま　ん　こ
5635,ち　ん　こ
5636,オ●ニ
5637,オ○ニ
5638,オ◎ニ
5639,マ●コ
5640,マ○コ
5641,マ◎コ
5642,チ●コ
5643,チ○コ
5644,チ◎コ
5645,おてぃんぽ
5646,おてぃんこ
5647,おてぃんてぃん
5648,ダウン症
5649,だうん症
5650,だうんしょう
5651,ダウンショウ
5652,ﾀﾞｳﾝｼｮｳ
5653,KURININGUS
5654,REALMONY
5655,ヤリとも
5656,やりトモ
5657,http:
5658,ｈｔｔｐ：
5659,www.
5660,ｗｗｗ．
5661,ｗｗｗ。
5662,ア◎ル
5663,ア●ル
5664,ア○ル
5665,https:
5666,@live
5667,@
5668,あっとまーく
5669,アットマーク
5670,＠
5671,ドラッグ
5672,ドラック
5673,WM
5674,ビットキャッシュ
5675,bit cash
5676,ネットキャッシュ
5677,net cash
5678,アカウント
5679,売ります
5680,買います
5681,振込
5682,現金
5683,垢
5684,がいじ
5685,ガイジ
5686,害児
5687,ア◯ル
