quest_id,language,image_filename
10008,ja,quest10008.png
10010,ja,quest10010.png
10015,ja,quest10015.png
10020,ja,quest10020.png
10025,ja,quest10025.png
10030,ja,quest10030.png
10035,ja,quest10035.png
10040,ja,quest10040.png
10045,ja,quest10045.png
10050,ja,quest10050.png
10055,ja,quest10055.png
10060,ja,quest10060.png
10065,ja,NULL
10090,ja,NULL
10100,ja,NULL
12001,ja,quest12001.png
12002,ja,quest12002_1.png
12003,ja,quest11210.png
12004,ja,quest12004.png
13001,ja,quest13001_26.png
13302,ja,quest13300.png
13301,ja,quest13300.png
13300,ja,quest13300.png
13400,ja,quest13400.png
13101,ja,quest13101.png
20001,ja,quest20001_1.png
20002,ja,quest20002_4.png
20003,ja,quest20003_3.png
20004,ja,quest20004_3.png
20005,ja,quest20005_1.png
20006,ja,quest20006_1.png
20007,ja,quest20007_1.png
20008,ja,quest20008_1.png
20009,ja,quest20009_2.png
20010,ja,quest20010_1.png
20011,ja,quest20011_1.png
20012,ja,quest20012_2.png
20013,ja,quest20013.png
20014,ja,quest20014.png
20015,ja,quest20015.png
20016,ja,quest20016.png
20017,ja,quest20017.png
20018,ja,quest20018.png
20019,ja,quest20019.png
20020,ja,quest20020.png
20021,ja,quest20021.png
20022,ja,quest11216.png
30001,ja,quest30001_4.png
30002,ja,quest30002_3.png
30003,ja,quest30003_3.png
30004,ja,quest30004_3.png
30005,ja,quest30005_1.png
30006,ja,quest30006_2.png
30007,ja,quest30007_1.png
30008,ja,quest30008_2.png
30009,ja,quest30009_1.png
30010,ja,quest30010_1.png
30011,ja,quest30011_1.png
30012,ja,quest30012_1.png
30013,ja,quest30013_2.png
30014,ja,quest30014.png
30015,ja,quest30015_2.png
30016,ja,quest30016.png
30017,ja,quest30017.png
30018,ja,quest30018.png
30019,ja,quest30019.png
30020,ja,quest30020.png
30021,ja,quest30021.png
30022,ja,quest30022.png
30023,ja,quest30023.png
30024,ja,quest30024.png
30025,ja,quest30025.png
30026,ja,quest30026.png
30027,ja,quest30027.png
30028,ja,quest30028.png
30029,ja,quest30029.png
30030,ja,quest30030.png
30031,ja,quest30031.png
30032,ja,quest30032.png
30033,ja,quest30033.png
30034,ja,quest30034.png
30035,ja,quest30035.png
30036,ja,quest30036.png
30037,ja,quest30037.png
30038,ja,quest30038.png
30039,ja,quest30039.png
30040,ja,quest30040.png
30041,ja,quest30041.png
30042,ja,quest30042.png
30043,ja,quest30043.png
30044,ja,quest30044.png
30045,ja,quest30045.png
30046,ja,quest30046.png
30047,ja,quest30047.png
30048,ja,quest30048.png
30049,ja,quest30049.png
30050,ja,quest30050.png
38101,ja,quest38101.png
39001,ja,quest39001.png
39002,ja,quest39002_2.png
39003,ja,quest39003.png
39004,ja,quest39004.png
39006,ja,quest39006.png
39008,ja,quest39001.png
39009,ja,quest39009.png
39010,ja,quest39002_2.png
39011,ja,quest39003.png
39012,ja,quest39012.png
39013,ja,quest39013.png
39014,ja,quest39014.png
40001,ja,quest40001_3.png
40002,ja,quest40002_3.png
40003,ja,quest40003_3.png
40004,ja,quest40004.png
40005,ja,quest40005.png
40006,ja,quest40006.png
40007,ja,quest40007.png
40008,ja,quest40008.png
40009,ja,quest40009.png
40010,ja,quest40010.png
40011,ja,quest40011.png
40012,ja,quest40012.png
40013,ja,quest40013.png
40014,ja,quest40014.png
40015,ja,quest40015.png
40016,ja,quest40016.png
40017,ja,quest40017.png
40018,ja,quest40018.png
40019,ja,quest40019.png
40021,ja,quest40021.png
40022,ja,quest40022.png
40023,ja,quest40023.png
40024,ja,quest40024.png
40025,ja,quest40025.png
40026,ja,quest40026.png
40027,ja,quest40027.png
40028,ja,quest40028.png
40029,ja,quest40029.png
40030,ja,quest40030.png
40031,ja,quest40031.png
40032,ja,quest40032.png
40033,ja,quest40033.png
40034,ja,quest40034.png
40035,ja,quest40035.png
40036,ja,quest40036.png
40037,ja,quest40037.png
40038,ja,quest40038.png
40039,ja,quest40039.png
40040,ja,quest40040.png
40041,ja,quest40041.png
40042,ja,quest40042.png
40043,ja,quest40043.png
40044,ja,quest40044.png
40045,ja,quest40045.png
40046,ja,quest40046.png
41001,ja,quest41001.png
41002,ja,quest41002.png
41003,ja,quest41003.png
41004,ja,quest41004.png
41005,ja,quest41005.png
41006,ja,quest41006.png
41007,ja,quest41007.png
41008,ja,quest41008.png
41009,ja,quest41009.png
41010,ja,quest41010.png
41011,ja,quest41011.png
41012,ja,quest41012.png
41013,ja,quest41013.png
41014,ja,quest41014.png
41015,ja,quest41015.png
47001,ja,quest47001.png
47002,ja,quest47002.png
47003,ja,quest47003.png
47004,ja,quest47004.png
47005,ja,quest47005.png
47006,ja,quest47006.png
47007,ja,quest47007.png
47008,ja,quest47008.png
47009,ja,quest47002.png
47010,ja,quest47010.png
47011,ja,quest47011.png
47012,ja,quest47012.png
47013,ja,quest47013.png
47014,ja,quest47014.png
47015,ja,quest47015.png
47016,ja,quest47016.png
48003,ja,quest48003.png
48004,ja,quest48004.png
48005,ja,quest48005.png
48006,ja,quest48006.png
48012,ja,quest48012.png
48013,ja,quest48013.png
48014,ja,quest48014.png
48015,ja,quest48015.png
48016,ja,quest48016.png
48101,ja,quest48101.png
48502,ja,quest48502.png
48503,ja,quest48503.png
48504,ja,quest48504.png
48701,ja,quest48701.png
48702,ja,quest48702.png
48703,ja,quest48703.png
49001,ja,quest49001.png
49002,ja,quest49002.png
49003,ja,quest49003.png
49004,ja,quest49004.png
49006,ja,quest49006.png
49008,ja,quest49001.png
49009,ja,quest49009.png
49010,ja,quest49010.png
49011,ja,quest49011.png
49012,ja,quest49002.png
49013,ja,quest49003.png
49014,ja,quest49014.png
49015,ja,quest49015.png
49016,ja,quest49016.png
50001,ja,quest50001.png
50002,ja,quest50002.png
50003,ja,quest50003.png
50004,ja,quest50004.png
50005,ja,quest50005.png
50006,ja,quest50006.png
50007,ja,quest50007.png
50008,ja,quest50008.png
50009,ja,quest50009.png
50010,ja,quest50010.png
50011,ja,quest50009.png
50012,ja,quest50012.png
50013,ja,quest50013.png
50014,ja,quest50014.png
50015,ja,quest50015.png
50016,ja,quest50016.png
51001,ja,quest51001.png
51002,ja,quest51002.png
58001,ja,quest58001.png
58002,ja,quest58002.png
58003,ja,quest58003.png
58101,ja,quest58101.png
59001,ja,quest59001.png
59002,ja,quest59002.png
59003,ja,quest59003.png
60005,ja,quest60005.png
60006,ja,quest60006.png
60007,ja,quest60006.png
60010,ja,quest60010.png
60011,ja,quest60011.png
61011,ja,quest60011.png
60012,ja,quest60011.png
60013,ja,quest60013.png
60014,ja,quest60014.png
60015,ja,quest60015.png
60016,ja,quest60016.png
60017,ja,quest60011.png
60018,ja,quest60018.png
60019,ja,quest60019.png
60020,ja,quest60020.png
60025,ja,quest60025.png
60026,ja,quest60026.png
60027,ja,quest60018.png
60028,ja,quest60028.png
60029,ja,quest60029.png
60030,ja,quest60030.png
60031,ja,quest60031.png
60032,ja,quest60032.png
61001,ja,quest61001.png
65523,ja,quest65523.png
65524,ja,quest65524.png
65525,ja,quest65525.png
65527,ja,quest65527.png
65529,ja,quest65529.png
65532,ja,quest65532.png
65533,ja,quest65533.png
65534,ja,quest65534.png
65535,ja,quest65535.png
11101,ja,quest11101_3.png
11102,ja,quest11102_3.png
11103,ja,quest11103_3.png
11104,ja,quest11104_3.png
11105,ja,quest11105_2.png
11106,ja,quest11006.png
11206,ja,quest11006.png
11016,ja,quest11016.png
11017,ja,quest11017.png
11018,ja,quest11018.png
11207,ja,quest11207_3.png
11208,ja,quest11208.png
11209,ja,quest11209.png
11210,ja,quest11210.png
11211,ja,quest11210.png
11212,ja,quest11212.png
11213,ja,quest11213.png
11214,ja,quest11214.png
11215,ja,quest11215.png
11216,ja,quest11216.png
11217,ja,quest11217.png
11218,ja,quest11218.png
11219,ja,quest11219.png
11220,ja,quest11220.png
11221,ja,quest11221.png
11224,ja,quest11224.png
11225,ja,quest11225.png
11226,ja,quest11226_2.png
11227,ja,quest11227.png
11228,ja,quest11218.png
11229,ja,quest11220.png
11230,ja,quest11230.png
11231,ja,quest11231.png
14001,ja,quest14001.png
14004,ja,quest14004.png
14002,ja,quest14002.png
14005,ja,quest14005.png
14003,ja,quest14003.png
14006,ja,quest14006.png
60021,ja,quest11001.png
